"","locus","Indiv","gt","haplo.1","haplo.2","haplo.3","haplo.4","depth.1","depth.2","depth.3","depth.4"
"RunMS45.537","Mnov_gtseq_13","175371b.RunMS45","T/T","T","T",NA,NA,295,0,0,0
"RunMS45.5382","Mnov_gtseq_13","175371.RunMS45","G/G","G","G",NA,NA,16,0,0,0
"RunMS54.9849","Mnov_gtseq_13","z0175371.RunMS54","T/T","T","T",NA,NA,548,0,0,0
"RunMS45.201","Mnov_gtseq_140","175371b.RunMS45","T/T","T","T",NA,NA,616,0,0,0
"RunMS45.772","Mnov_gtseq_140","175371.RunMS45","C/C","C","C",NA,NA,208,0,0,0
"RunMS54.4071","Mnov_gtseq_140","z0175371.RunMS54","T/T","T","T",NA,NA,979,0,0,0
"RunMS45.682","Mnov_gtseq_141","175371b.RunMS45","G/T","G","T",NA,NA,236,237,0,0
"RunMS45.6163","Mnov_gtseq_141","175371.RunMS45","T/T","T","T",NA,NA,10,0,0,0
"RunMS54.10504","Mnov_gtseq_141","z0175371.RunMS54","G/T","G","T",NA,NA,480,521,0,0
"RunMS45.2625","Mnov_gtseq_145","175371b.RunMS45","T/T","T","T",NA,NA,58,0,0,0
"RunMS45.6576","Mnov_gtseq_145","175371.RunMS45","C/T","C","T",NA,NA,6,6,0,0
"RunMS54.22202","Mnov_gtseq_145","z0175371.RunMS54","T/T","T","T",NA,NA,245,0,0,0
"RunMS45.1153","Mnov_gtseq_157","175371b.RunMS45","T/T","T","T",NA,NA,142,0,0,0
"RunMS45.4945","Mnov_gtseq_157","175371.RunMS45","C/C","C","C",NA,NA,20,0,0,0
"RunMS54.10212","Mnov_gtseq_157","z0175371.RunMS54","T/T","T","T",NA,NA,534,0,0,0
"RunMS45.2252","Mnov_gtseq_158","175371b.RunMS45","A/G","A","G",NA,NA,54,70,0,0
"RunMS45.6016","Mnov_gtseq_158","175371.RunMS45","G/G","G","G",NA,NA,11,0,0,0
"RunMS54.17945","Mnov_gtseq_158","z0175371.RunMS54","A/G","A","G",NA,NA,298,317,0,0
"RunMS45.300","Mnov_gtseq_160","175371b.RunMS45","G/G","G","G",NA,NA,499,0,0,0
"RunMS45.1662","Mnov_gtseq_160","175371.RunMS45","A/A","A","A",NA,NA,99,0,0,0
"RunMS54.28079","Mnov_gtseq_160","z0175371.RunMS54","G/G","G","G",NA,NA,173,0,0,0
"RunMS45.416","Mnov_gtseq_193","175371b.RunMS45","A/C","A","C",NA,NA,389,387,0,0
"RunMS45.2905","Mnov_gtseq_193","175371.RunMS45","A/A","A","A",NA,NA,51,0,0,0
"RunMS54.2945","Mnov_gtseq_193","z0175371.RunMS54","A/C","A","C",NA,NA,1096,1166,0,0
"RunMS45.238","Mnov_gtseq_195","175371b.RunMS45","C/C","C","C",NA,NA,566,0,0,0
"RunMS45.3562","Mnov_gtseq_195","175371.RunMS45","C/G","C","G",NA,NA,38,33,0,0
"RunMS54.1051","Mnov_gtseq_195","z0175371.RunMS54","C/C","C","C",NA,NA,1946,0,0,0
"RunMS45.250","Mnov_gtseq_2","175371b.RunMS45","G/G","G","G",NA,NA,548,0,0,0
"RunMS45.6341","Mnov_gtseq_2","175371.RunMS45","A/G","A","G",NA,NA,9,5,0,0
"RunMS54.1184","Mnov_gtseq_2","z0175371.RunMS54","G/G","G","G",NA,NA,1846,0,0,0
"RunMS45.269","Mnov_gtseq_201","175371b.RunMS45","C/T","C","T",NA,NA,531,448,0,0
"RunMS45.1771","Mnov_gtseq_201","175371.RunMS45","C/C","C","C",NA,NA,92,0,0,0
"RunMS54.2478","Mnov_gtseq_201","z0175371.RunMS54","C/T","C","T",NA,NA,1287,1233,0,0
"RunMS45.803","Mnov_gtseq_208","175371b.RunMS45","C/T","C","T",NA,NA,177,201,0,0
"RunMS45.6019","Mnov_gtseq_208","175371.RunMS45","C/C","C","C",NA,NA,11,0,0,0
"RunMS54.9762","Mnov_gtseq_208","z0175371.RunMS54","C/T","C","T",NA,NA,545,552,0,0
"RunMS45.451","Mnov_gtseq_209","175371b.RunMS45","C/C","C","C",NA,NA,356,0,0,0
"RunMS45.3814","Mnov_gtseq_209","175371.RunMS45","T/T","T","T",NA,NA,34,0,0,0
"RunMS54.3016","Mnov_gtseq_209","z0175371.RunMS54","C/C","C","C",NA,NA,1153,0,0,0
"RunMS45.261","Mnov_gtseq_243","175371b.RunMS45","C/C","C","C",NA,NA,540,0,0,0
"RunMS45.6430","Mnov_gtseq_243","175371.RunMS45","C/T","C","T",NA,NA,6,8,0,0
"RunMS54.2137","Mnov_gtseq_243","z0175371.RunMS54","C/C","C","C",NA,NA,1387,0,0,0
"RunMS45.271","Mnov_gtseq_26","175371b.RunMS45","C/T","C","T",NA,NA,529,492,0,0
"RunMS45.1028","Mnov_gtseq_26","175371.RunMS45","T/T","T","T",NA,NA,158,0,0,0
"RunMS54.1332","Mnov_gtseq_26","z0175371.RunMS54","C/T","C","T",NA,NA,1744,1682,0,0
"RunMS45.219","Mnov_gtseq_268","175371b.RunMS45","A/G","A","G",NA,NA,559,589,0,0
"RunMS45.252","Mnov_gtseq_268","175371.RunMS45","G/G","G","G",NA,NA,545,0,0,0
"RunMS54.563","Mnov_gtseq_268","z0175371.RunMS54","A/G","A","G",NA,NA,2653,2368,0,0
"RunMS45.492","Mnov_gtseq_28","175371b.RunMS45","C/T","C","T",NA,NA,305,325,0,0
"RunMS45.5249","Mnov_gtseq_28","175371.RunMS45","C/C","C","C",NA,NA,17,0,0,0
"RunMS54.3970","Mnov_gtseq_28","z0175371.RunMS54","C/T","C","T",NA,NA,995,971,0,0
"RunMS45.173","Mnov_gtseq_285","175371b.RunMS45","G/G","G","G",NA,NA,694,0,0,0
"RunMS45.3561","Mnov_gtseq_285","175371.RunMS45","A/G","A","G",NA,NA,38,33,0,0
"RunMS54.438","Mnov_gtseq_285","z0175371.RunMS54","G/G","G","G",NA,NA,2964,0,0,0
"RunMS45.428","Mnov_gtseq_297","175371b.RunMS45","A/G","A","G",NA,NA,369,379,0,0
"RunMS45.3734","Mnov_gtseq_297","175371.RunMS45","A/A","A","A",NA,NA,35,0,0,0
"RunMS54.6439","Mnov_gtseq_297","z0175371.RunMS54","A/G","A","G",NA,NA,737,737,0,0
"RunMS45.390","Mnov_gtseq_299","175371b.RunMS45","G/G","G","G",NA,NA,410,0,0,0
"RunMS45.5148","Mnov_gtseq_299","175371.RunMS45","C/G","C","G",NA,NA,13,18,0,0
"RunMS54.1030","Mnov_gtseq_299","z0175371.RunMS54","G/G","G","G",NA,NA,1970,0,0,0
"RunMS45.1908","Mnov_gtseq_315","175371b.RunMS45","C/T","C","T",NA,NA,85,59,0,0
"RunMS45.6166","Mnov_gtseq_315","175371.RunMS45","C/C","C","C",NA,NA,10,0,0,0
"RunMS54.22543","Mnov_gtseq_315","z0175371.RunMS54","C/T","C","T",NA,NA,240,233,0,0
"RunMS45.389","Mnov_gtseq_33","175371b.RunMS45","G/T","G","T",NA,NA,411,398,0,0
"RunMS45.5149","Mnov_gtseq_33","175371.RunMS45","T/T","T","T",NA,NA,18,0,0,0
"RunMS54.3482","Mnov_gtseq_33","z0175371.RunMS54","G/T","G","T",NA,NA,1042,1069,0,0
"RunMS45.262","Mnov_gtseq_334","175371b.RunMS45","A/A","A","A",NA,NA,540,0,0,0
"RunMS45.4249","Mnov_gtseq_334","175371.RunMS45","A/C","A","C",NA,NA,28,12,0,0
"RunMS54.554","Mnov_gtseq_334","z0175371.RunMS54","A/A","A","A",NA,NA,2673,0,0,0
"RunMS45.523","Mnov_gtseq_335","175371b.RunMS45","C/C","C","C",NA,NA,308,0,0,0
"RunMS45.5887","Mnov_gtseq_335","175371.RunMS45","A/C","A","C",NA,NA,12,10,0,0
"RunMS54.4245","Mnov_gtseq_335","z0175371.RunMS54","C/C","C","C",NA,NA,955,0,0,0
"RunMS45.5492","Mnov_gtseq_391","175371.RunMS45","G/G","G","G",NA,NA,15,0,0,0
"RunMS54.58002","Mnov_gtseq_391","z0175371.RunMS54","A/A","A","A",NA,NA,23,0,0,0
"RunMS45.606","Mnov_gtseq_399","175371b.RunMS45","A/G","A","G",NA,NA,263,222,0,0
"RunMS45.5380","Mnov_gtseq_399","175371.RunMS45","G/G","G","G",NA,NA,16,0,0,0
"RunMS54.6884","Mnov_gtseq_399","z0175371.RunMS54","A/G","A","G",NA,NA,706,624,0,0
"RunMS45.295","Mnov_gtseq_405","175371b.RunMS45","C/C","C","C",NA,NA,503,0,0,0
"RunMS45.3673","Mnov_gtseq_405","175371.RunMS45","C/T","C","T",NA,NA,36,29,0,0
"RunMS54.4977","Mnov_gtseq_405","z0175371.RunMS54","C/C","C","C",NA,NA,867,0,0,0
"RunMS45.242","Mnov_gtseq_413","175371b.RunMS45","G/G","G","G",NA,NA,560,0,0,0
"RunMS45.5383","Mnov_gtseq_413","175371.RunMS45","A/G","A","G",NA,NA,8,16,0,0
"RunMS54.3019","Mnov_gtseq_413","z0175371.RunMS54","G/G","G","G",NA,NA,1152,0,0,0
"RunMS45.741","Mnov_gtseq_43","175371b.RunMS45","C/T","C","T",NA,NA,200,220,0,0
"RunMS45.4674","Mnov_gtseq_43","175371.RunMS45","C/C","C","C",NA,NA,23,0,0,0
"RunMS54.6597","Mnov_gtseq_43","z0175371.RunMS54","C/T","C","T",NA,NA,725,668,0,0
"RunMS45.322","Mnov_gtseq_434","175371b.RunMS45","C/T","C","T",NA,NA,464,480,0,0
"RunMS45.2953","Mnov_gtseq_434","175371.RunMS45","C/C","C","C",NA,NA,50,0,0,0
"RunMS54.2375","Mnov_gtseq_434","z0175371.RunMS54","C/T","C","T",NA,NA,1315,1221,0,0
"RunMS45.386","Mnov_gtseq_440","175371b.RunMS45","G/G","G","G",NA,NA,414,0,0,0
"RunMS45.5744","Mnov_gtseq_440","175371.RunMS45","A/A","A","A",NA,NA,13,0,0,0
"RunMS54.3140","Mnov_gtseq_440","z0175371.RunMS54","G/G","G","G",NA,NA,1128,0,0,0
"RunMS45.292","Mnov_gtseq_461","175371b.RunMS45","C/C","C","C",NA,NA,505,0,0,0
"RunMS45.4099","Mnov_gtseq_461","175371.RunMS45","T/T","T","T",NA,NA,30,0,0,0
"RunMS45.180","Mnov_gtseq_468","175371b.RunMS45","G/G","G","G",NA,NA,677,0,0,0
"RunMS45.6343","Mnov_gtseq_468","175371.RunMS45","C/G","C","G",NA,NA,8,9,0,0
"RunMS54.1911","Mnov_gtseq_468","z0175371.RunMS54","G/G","G","G",NA,NA,1461,0,0,0
"RunMS45.785","Mnov_gtseq_475","175371b.RunMS45","G/G","G","G",NA,NA,205,0,0,0
"RunMS45.6429","Mnov_gtseq_475","175371.RunMS45","A/G","A","G",NA,NA,8,7,0,0
"RunMS54.9029","Mnov_gtseq_475","z0175371.RunMS54","G/G","G","G",NA,NA,586,0,0,0
"RunMS45.658","Mnov_gtseq_504","175371b.RunMS45","G/G","G","G",NA,NA,248,0,0,0
"RunMS45.5743","Mnov_gtseq_504","175371.RunMS45","A/A","A","A",NA,NA,13,0,0,0
"RunMS54.1245","Mnov_gtseq_504","z0175371.RunMS54","G/G","G","G",NA,NA,1799,0,0,0
"RunMS45.654","Mnov_gtseq_513","175371b.RunMS45","A/G","A","G",NA,NA,207,249,0,0
"RunMS45.2906","Mnov_gtseq_513","175371.RunMS45","G/G","G","G",NA,NA,51,0,0,0
"RunMS54.2277","Mnov_gtseq_513","z0175371.RunMS54","A/G","A","G",NA,NA,1293,1346,0,0
"RunMS45.39","Mnov_gtseq_541","175371.RunMS45","C/C","C","C",NA,NA,1727,0,0,0
"RunMS45.417","Mnov_gtseq_541","175371b.RunMS45","C/T","C","T",NA,NA,334,389,0,0
"RunMS54.2674","Mnov_gtseq_541","z0175371.RunMS54","C/T","C","T",NA,NA,1098,1231,0,0
"RunMS45.1002","Mnov_gtseq_547","175371b.RunMS45","C/T","C","T",NA,NA,145,162,0,0
"RunMS45.5251","Mnov_gtseq_547","175371.RunMS45","C/C","C","C",NA,NA,17,0,0,0
"RunMS54.4523","Mnov_gtseq_547","z0175371.RunMS54","C/T","C","T",NA,NA,919,911,0,0
"RunMS45.222","Mnov_gtseq_61","175371b.RunMS45","C/C","C","C",NA,NA,583,0,0,0
"RunMS45.6342","Mnov_gtseq_61","175371.RunMS45","A/C","A","C",NA,NA,9,4,0,0
"RunMS54.1101","Mnov_gtseq_61","z0175371.RunMS54","C/C","C","C",NA,NA,1907,0,0,0
"RunMS45.270","Mnov_gtseq_69","175371b.RunMS45","C/C","C","C",NA,NA,530,0,0,0
"RunMS45.6495","Mnov_gtseq_69","175371.RunMS45","C/T","C","T",NA,NA,4,7,0,0
"RunMS54.1892","Mnov_gtseq_69","z0175371.RunMS54","C/C","C","C",NA,NA,1469,0,0,0
"RunMS45.312","Mnov_gtseq_73","175371b.RunMS45","A/G","A","G",NA,NA,487,482,0,0
"RunMS45.3874","Mnov_gtseq_73","175371.RunMS45","G/G","G","G",NA,NA,33,0,0,0
"RunMS54.2232","Mnov_gtseq_73","z0175371.RunMS54","A/G","A","G",NA,NA,1357,1332,0,0
"RunMS45.1091","Mnov_gtseq_74","175371b.RunMS45","G/T","G","T",NA,NA,147,148,0,0
"RunMS45.4946","Mnov_gtseq_74","175371.RunMS45","T/T","T","T",NA,NA,20,0,0,0
"RunMS54.12395","Mnov_gtseq_74","z0175371.RunMS54","G/T","G","T",NA,NA,458,421,0,0
"RunMS45.846","Mnov_gtseq_75","175371b.RunMS45","C/G","C","G",NA,NA,158,191,0,0
"RunMS45.5493","Mnov_gtseq_75","175371.RunMS45","C/C","C","C",NA,NA,15,0,0,0
"RunMS54.9936","Mnov_gtseq_75","z0175371.RunMS54","C/G","C","G",NA,NA,467,544,0,0
"RunMS45.402","Mnov_gtseq_84","175371b.RunMS45","T/T","T","T",NA,NA,402,0,0,0
"RunMS45.5747","Mnov_gtseq_84","175371.RunMS45","C/T","C","T",NA,NA,6,13,0,0
"RunMS54.2153","Mnov_gtseq_84","z0175371.RunMS54","T/T","T","T",NA,NA,1383,0,0,0
"RunMS45.531","Mnov_gtseq_86","175371b.RunMS45","A/A","A","A",NA,NA,300,0,0,0
"RunMS45.3461","Mnov_gtseq_86","175371.RunMS45","G/G","G","G",NA,NA,40,0,0,0
"RunMS54.2579","Mnov_gtseq_86","z0175371.RunMS54","A/A","A","A",NA,NA,1255,0,0,0
"RunMS45.1277","Mnov_gtseq_91","175371.RunMS45","A/G","A","G",NA,NA,129,113,0,0
"RunMS54.47005","Mnov_gtseq_91","z0175371.RunMS54","A/A","A","A",NA,NA,50,0,0,0
"RunMS45.1104","Mnov_gtseq_93","175371b.RunMS45","G/G","G","G",NA,NA,147,0,0,0
"RunMS45.6017","Mnov_gtseq_93","175371.RunMS45","T/T","T","T",NA,NA,11,0,0,0
"RunMS54.4384","Mnov_gtseq_93","z0175371.RunMS54","G/G","G","G",NA,NA,937,0,0,0
"RunMS45.164","Mnov_gtseq_97","175371b.RunMS45","T/T","T","T",NA,NA,721,0,0,0
"RunMS45.2874","Mnov_gtseq_97","175371.RunMS45","G/G","G","G",NA,NA,52,0,0,0
"RunMS54.288","Mnov_gtseq_97","z0175371.RunMS54","T/T","T","T",NA,NA,3476,0,0,0
"RunMS45.712","Mnov_gtseq_300","197665.RunMS45","C/C","C","C",NA,NA,229,0,0,0
"RunMS45.1885","Mnov_gtseq_300","197665b.RunMS45","C/T","C","T",NA,NA,86,37,0,0
"RunMS51.18603","Mnov_gtseq_300","z0197665.RunMS51","C/T","C","T",NA,NA,249,137,0,0
"RunMS45.2522","Mnov_gtseq_1","187857b.RunMS45","C/T","C","T",NA,NA,56,61,0,0
"RunMS45.3736","Mnov_gtseq_1","187857.RunMS45","T/T","T","T",NA,NA,35,0,0,0
"RunMS45.2740","Mnov_gtseq_104","187857b.RunMS45","C/T","C","T",NA,NA,55,51,0,0
"RunMS45.3952","Mnov_gtseq_104","187857.RunMS45","C/C","C","C",NA,NA,32,0,0,0
"RunMS45.4851","Mnov_gtseq_112","187857b.RunMS45","C/C","C","C",NA,NA,21,0,0,0
"RunMS45.6504","Mnov_gtseq_112","187857.RunMS45","C/T","C","T",NA,NA,3,7,0,0
"RunMS45.4857","Mnov_gtseq_145","187857b.RunMS45","T/T","T","T",NA,NA,21,0,0,0
"RunMS45.6433","Mnov_gtseq_145","187857.RunMS45","C/T","C","T",NA,NA,6,8,0,0
"RunMS45.5503","Mnov_gtseq_154","187857b.RunMS45","A/G","A","G",NA,NA,14,15,0,0
"RunMS45.6178","Mnov_gtseq_154","187857.RunMS45","A/A","A","A",NA,NA,10,0,0,0
"RunMS45.4679","Mnov_gtseq_16","187857b.RunMS45","A/G","A","G",NA,NA,22,23,0,0
"RunMS45.6174","Mnov_gtseq_16","187857.RunMS45","G/G","G","G",NA,NA,10,0,0,0
"RunMS45.2042","Mnov_gtseq_190","187857b.RunMS45","C/C","C","C",NA,NA,79,0,0,0
"RunMS45.4407","Mnov_gtseq_190","187857.RunMS45","G/G","G","G",NA,NA,26,0,0,0
"RunMS45.1585","Mnov_gtseq_193","187857b.RunMS45","A/A","A","A",NA,NA,104,0,0,0
"RunMS45.2739","Mnov_gtseq_193","187857.RunMS45","A/C","A","C",NA,NA,55,46,0,0
"RunMS45.2780","Mnov_gtseq_197","187857b.RunMS45","G/G","G","G",NA,NA,54,0,0,0
"RunMS45.3954","Mnov_gtseq_197","187857.RunMS45","A/G","A","G",NA,NA,32,23,0,0
"RunMS45.2062","Mnov_gtseq_2","187857b.RunMS45","G/G","G","G",NA,NA,78,0,0,0
"RunMS45.5154","Mnov_gtseq_2","187857.RunMS45","A/G","A","G",NA,NA,16,18,0,0
"RunMS45.3343","Mnov_gtseq_205","187857.RunMS45","G/G","G","G",NA,NA,42,0,0,0
"RunMS45.4022","Mnov_gtseq_205","187857b.RunMS45","A/G","A","G",NA,NA,31,31,0,0
"RunMS45.2520","Mnov_gtseq_209","187857.RunMS45","C/C","C","C",NA,NA,61,0,0,0
"RunMS45.3955","Mnov_gtseq_209","187857b.RunMS45","C/T","C","T",NA,NA,25,32,0,0
"RunMS45.4682","Mnov_gtseq_210","187857b.RunMS45","C/C","C","C",NA,NA,23,0,0,0
"RunMS45.6578","Mnov_gtseq_210","187857.RunMS45","C/T","C","T",NA,NA,4,6,0,0
"RunMS45.2307","Mnov_gtseq_215","187857b.RunMS45","A/A","A","A",NA,NA,68,0,0,0
"RunMS45.4253","Mnov_gtseq_215","187857.RunMS45","G/G","G","G",NA,NA,28,0,0,0
"RunMS45.3616","Mnov_gtseq_218","187857b.RunMS45","A/A","A","A",NA,NA,37,0,0,0
"RunMS45.4499","Mnov_gtseq_218","187857.RunMS45","A/C","A","C",NA,NA,25,18,0,0
"RunMS45.2371","Mnov_gtseq_235","187857b.RunMS45","C/C","C","C",NA,NA,66,0,0,0
"RunMS45.6171","Mnov_gtseq_235","187857.RunMS45","C/T","C","T",NA,NA,10,8,0,0
"RunMS45.4255","Mnov_gtseq_238","187857b.RunMS45","C/T","C","T",NA,NA,28,20,0,0
"RunMS45.5755","Mnov_gtseq_238","187857.RunMS45","T/T","T","T",NA,NA,13,0,0,0
"RunMS45.4331","Mnov_gtseq_240","187857b.RunMS45","C/C","C","C",NA,NA,27,0,0,0
"RunMS45.6432","Mnov_gtseq_240","187857.RunMS45","C/G","C","G",NA,NA,8,6,0,0
"RunMS45.2908","Mnov_gtseq_243","187857b.RunMS45","C/T","C","T",NA,NA,48,51,0,0
"RunMS45.5754","Mnov_gtseq_243","187857.RunMS45","C/C","C","C",NA,NA,13,0,0,0
"RunMS45.2336","Mnov_gtseq_244","187857b.RunMS45","T/T","T","T",NA,NA,67,0,0,0
"RunMS45.6023","Mnov_gtseq_244","187857.RunMS45","C/C","C","C",NA,NA,11,0,0,0
"RunMS45.3413","Mnov_gtseq_251","187857b.RunMS45","G/G","G","G",NA,NA,41,0,0,0
"RunMS45.6579","Mnov_gtseq_251","187857.RunMS45","G/T","G","T",NA,NA,6,5,0,0
"RunMS45.3737","Mnov_gtseq_255","187857b.RunMS45","A/G","A","G",NA,NA,30,35,0,0
"RunMS45.5038","Mnov_gtseq_255","187857.RunMS45","G/G","G","G",NA,NA,19,0,0,0
"RunMS45.3816","Mnov_gtseq_257","187857b.RunMS45","C/T","C","T",NA,NA,18,34,0,0
"RunMS45.6024","Mnov_gtseq_257","187857.RunMS45","T/T","T","T",NA,NA,11,0,0,0
"RunMS45.1003","Mnov_gtseq_26","187857.RunMS45","C/T","C","T",NA,NA,162,99,0,0
"RunMS45.1134","Mnov_gtseq_26","187857b.RunMS45","T/T","T","T",NA,NA,144,0,0,0
"RunMS45.4503","Mnov_gtseq_265","187857b.RunMS45","A/G","A","G",NA,NA,16,25,0,0
"RunMS45.5623","Mnov_gtseq_265","187857.RunMS45","A/A","A","A",NA,NA,14,0,0,0
"RunMS45.115","Mnov_gtseq_268","187857.RunMS45","A/A","A","A",NA,NA,894,0,0,0
"RunMS45.1539","Mnov_gtseq_268","187857b.RunMS45","A/G","A","G",NA,NA,107,96,0,0
"RunMS45.4409","Mnov_gtseq_269","187857b.RunMS45","C/T","C","T",NA,NA,26,25,0,0
"RunMS45.5749","Mnov_gtseq_269","187857.RunMS45","C/C","C","C",NA,NA,13,0,0,0
"RunMS45.1396","Mnov_gtseq_277","187857b.RunMS45","A/A","A","A",NA,NA,118,0,0,0
"RunMS45.1786","Mnov_gtseq_277","187857.RunMS45","A/G","A","G",NA,NA,82,91,0,0
"RunMS45.3464","Mnov_gtseq_278","187857.RunMS45","A/A","A","A",NA,NA,40,0,0,0
"RunMS45.4681","Mnov_gtseq_278","187857b.RunMS45","A/C","A","C",NA,NA,23,19,0,0
"RunMS45.1883","Mnov_gtseq_28","187857b.RunMS45","C/C","C","C",NA,NA,86,0,0,0
"RunMS45.5620","Mnov_gtseq_28","187857.RunMS45","C/T","C","T",NA,NA,14,14,0,0
"RunMS45.690","Mnov_gtseq_287","187857.RunMS45","C/T","C","T",NA,NA,235,207,0,0
"RunMS45.1278","Mnov_gtseq_287","187857b.RunMS45","C/C","C","C",NA,NA,129,0,0,0
"RunMS45.2149","Mnov_gtseq_289","187857b.RunMS45","G/G","G","G",NA,NA,75,0,0,0
"RunMS45.4328","Mnov_gtseq_289","187857.RunMS45","A/A","A","A",NA,NA,27,0,0,0
"RunMS45.1497","Mnov_gtseq_297","187857b.RunMS45","G/G","G","G",NA,NA,110,0,0,0
"RunMS45.4254","Mnov_gtseq_297","187857.RunMS45","A/G","A","G",NA,NA,28,17,0,0
"RunMS45.2280","Mnov_gtseq_299","187857b.RunMS45","C/G","C","G",NA,NA,62,69,0,0
"RunMS45.3182","Mnov_gtseq_299","187857.RunMS45","G/G","G","G",NA,NA,45,0,0,0
"RunMS45.3185","Mnov_gtseq_314","187857b.RunMS45","C/T","C","T",NA,NA,45,39,0,0
"RunMS45.6173","Mnov_gtseq_314","187857.RunMS45","T/T","T","T",NA,NA,10,0,0,0
"RunMS45.2627","Mnov_gtseq_321","187857.RunMS45","G/G","G","G",NA,NA,58,0,0,0
"RunMS45.3411","Mnov_gtseq_321","187857b.RunMS45","C/G","C","G",NA,NA,30,41,0,0
"RunMS45.1881","Mnov_gtseq_328","187857b.RunMS45","A/A","A","A",NA,NA,86,0,0,0
"RunMS45.2521","Mnov_gtseq_328","187857.RunMS45","C/C","C","C",NA,NA,61,0,0,0
"RunMS45.4502","Mnov_gtseq_333","187857b.RunMS45","A/G","A","G",NA,NA,15,25,0,0
"RunMS45.5752","Mnov_gtseq_333","187857.RunMS45","G/G","G","G",NA,NA,13,0,0,0
"RunMS45.2742","Mnov_gtseq_334","187857b.RunMS45","A/C","A","C",NA,NA,55,50,0,0
"RunMS45.3183","Mnov_gtseq_334","187857.RunMS45","A/A","A","A",NA,NA,45,0,0,0
"RunMS45.2370","Mnov_gtseq_341","187857b.RunMS45","T/T","T","T",NA,NA,66,0,0,0
"RunMS45.3876","Mnov_gtseq_341","187857.RunMS45","C/T","C","T",NA,NA,33,23,0,0
"RunMS45.4675","Mnov_gtseq_363","187857.RunMS45","G/G","G","G",NA,NA,23,0,0,0
"RunMS45.5041","Mnov_gtseq_363","187857b.RunMS45","C/C","C","C",NA,NA,19,0,0,0
"RunMS45.4411","Mnov_gtseq_366","187857b.RunMS45","C/T","C","T",NA,NA,26,25,0,0
"RunMS45.6170","Mnov_gtseq_366","187857.RunMS45","T/T","T","T",NA,NA,10,0,0,0
"RunMS45.2120","Mnov_gtseq_39","187857.RunMS45","T/T","T","T",NA,NA,76,0,0,0
"RunMS45.2628","Mnov_gtseq_39","187857b.RunMS45","C/T","C","T",NA,NA,47,58,0,0
"RunMS45.773","Mnov_gtseq_397","187857.RunMS45","T/T","T","T",NA,NA,208,0,0,0
"RunMS45.2588","Mnov_gtseq_397","187857b.RunMS45","G/T","G","T",NA,NA,59,51,0,0
"RunMS45.2217","Mnov_gtseq_41","187857b.RunMS45","C/C","C","C",NA,NA,72,0,0,0
"RunMS45.4850","Mnov_gtseq_41","187857.RunMS45","T/T","T","T",NA,NA,21,0,0,0
"RunMS45.3133","Mnov_gtseq_416","187857.RunMS45","C/C","C","C",NA,NA,46,0,0,0
"RunMS45.3415","Mnov_gtseq_416","187857b.RunMS45","C/G","C","G",NA,NA,41,20,0,0
"RunMS45.2778","Mnov_gtseq_426","187857.RunMS45","G/G","G","G",NA,NA,54,0,0,0
"RunMS45.4185","Mnov_gtseq_426","187857b.RunMS45","A/G","A","G",NA,NA,20,29,0,0
"RunMS45.1363","Mnov_gtseq_434","187857b.RunMS45","T/T","T","T",NA,NA,121,0,0,0
"RunMS45.2195","Mnov_gtseq_434","187857.RunMS45","C/C","C","C",NA,NA,73,0,0,0
"RunMS45.3225","Mnov_gtseq_444","187857b.RunMS45","T/T","T","T",NA,NA,44,0,0,0
"RunMS45.6175","Mnov_gtseq_444","187857.RunMS45","C/T","C","T",NA,NA,10,5,0,0
"RunMS45.3409","Mnov_gtseq_451","187857.RunMS45","G/G","G","G",NA,NA,41,0,0,0
"RunMS45.4183","Mnov_gtseq_451","187857b.RunMS45","A/G","A","G",NA,NA,29,29,0,0
"RunMS45.1882","Mnov_gtseq_461","187857b.RunMS45","C/C","C","C",NA,NA,86,0,0,0
"RunMS45.4327","Mnov_gtseq_461","187857.RunMS45","C/T","C","T",NA,NA,25,27,0,0
"RunMS45.2556","Mnov_gtseq_468","187857b.RunMS45","C/G","C","G",NA,NA,60,49,0,0
"RunMS45.4949","Mnov_gtseq_468","187857.RunMS45","C/C","C","C",NA,NA,20,0,0,0
"RunMS45.2699","Mnov_gtseq_470","187857b.RunMS45","G/G","G","G",NA,NA,56,0,0,0
"RunMS45.5750","Mnov_gtseq_470","187857.RunMS45","A/A","A","A",NA,NA,13,0,0,0
"RunMS45.1482","Mnov_gtseq_477","187857.RunMS45","A/A","A","A",NA,NA,111,0,0,0
"RunMS45.2818","Mnov_gtseq_477","187857b.RunMS45","A/G","A","G",NA,NA,53,40,0,0
"RunMS45.2779","Mnov_gtseq_479","187857b.RunMS45","T/T","T","T",NA,NA,54,0,0,0
"RunMS45.5039","Mnov_gtseq_479","187857.RunMS45","C/C","C","C",NA,NA,19,0,0,0
"RunMS45.2817","Mnov_gtseq_504","187857b.RunMS45","A/A","A","A",NA,NA,53,0,0,0
"RunMS45.6503","Mnov_gtseq_504","187857.RunMS45","A/G","A","G",NA,NA,7,5,0,0
"RunMS45.3085","Mnov_gtseq_518","187857.RunMS45","C/C","C","C",NA,NA,47,0,0,0
"RunMS45.4854","Mnov_gtseq_518","187857b.RunMS45","C/G","C","G",NA,NA,17,21,0,0
"RunMS45.5042","Mnov_gtseq_539","187857b.RunMS45","C/T","C","T",NA,NA,19,12,0,0
"RunMS45.5622","Mnov_gtseq_539","187857.RunMS45","C/C","C","C",NA,NA,14,0,0,0
"RunMS45.98","Mnov_gtseq_541","187857.RunMS45","C/T","C","T",NA,NA,804,1010,0,0
"RunMS45.1614","Mnov_gtseq_541","187857b.RunMS45","C/C","C","C",NA,NA,102,0,0,0
"RunMS51.50875","Mnov_gtseq_541","z0187857.RunMS51","C/C","C","C",NA,NA,33,0,0,0
"RunMS45.1450","Mnov_gtseq_57","187857b.RunMS45","G/G","G","G",NA,NA,114,0,0,0
"RunMS45.4100","Mnov_gtseq_57","187857.RunMS45","A/G","A","G",NA,NA,30,29,0,0
"RunMS45.2004","Mnov_gtseq_61","187857b.RunMS45","C/C","C","C",NA,NA,81,0,0,0
"RunMS45.5756","Mnov_gtseq_61","187857.RunMS45","A/C","A","C",NA,NA,13,11,0,0
"RunMS45.3087","Mnov_gtseq_64","187857b.RunMS45","A/G","A","G",NA,NA,47,42,0,0
"RunMS45.4176","Mnov_gtseq_64","187857.RunMS45","G/G","G","G",NA,NA,29,0,0,0
"RunMS45.1315","Mnov_gtseq_65","187857b.RunMS45","C/C","C","C",NA,NA,125,0,0,0
"RunMS45.4768","Mnov_gtseq_65","187857.RunMS45","C/G","C","G",NA,NA,22,15,0,0
"RunMS45.2555","Mnov_gtseq_69","187857b.RunMS45","C/T","C","T",NA,NA,60,50,0,0
"RunMS45.5618","Mnov_gtseq_69","187857.RunMS45","T/T","T","T",NA,NA,14,0,0,0
"RunMS45.3819","Mnov_gtseq_82","187857b.RunMS45","C/T","C","T",NA,NA,26,34,0,0
"RunMS45.5258","Mnov_gtseq_82","187857.RunMS45","T/T","T","T",NA,NA,17,0,0,0
"RunMS45.2306","Mnov_gtseq_83","187857b.RunMS45","C/T","C","T",NA,NA,58,68,0,0
"RunMS45.2875","Mnov_gtseq_83","187857.RunMS45","C/C","C","C",NA,NA,52,0,0,0
"RunMS45.368","Mnov_gtseq_90","187857.RunMS45","A/G","A","G",NA,NA,331,431,0,0
"RunMS45.951","Mnov_gtseq_90","187857b.RunMS45","G/G","G","G",NA,NA,172,0,0,0
"RunMS45.229","Mnov_gtseq_91","187857.RunMS45","A/A","A","A",NA,NA,572,0,0,0
"RunMS45.897","Mnov_gtseq_91","187857b.RunMS45","G/G","G","G",NA,NA,181,0,0,0
"RunMS45.3818","Mnov_gtseq_98","187857b.RunMS45","A/G","A","G",NA,NA,34,30,0,0
"RunMS45.5257","Mnov_gtseq_98","187857.RunMS45","A/A","A","A",NA,NA,17,0,0,0
"RunMS45.4428","Mnov_gtseq_452","197682b.RunMS45","G/T","G","T",NA,NA,20,26,0,0
"RunMS45.6361","Mnov_gtseq_452","197682.RunMS45","T/T","T","T",NA,NA,9,0,0,0
"RunMS45.4684","Mnov_gtseq_277","195776b.RunMS45","A/G","A","G",NA,NA,23,21,0,0
"RunMS51.63423","Mnov_gtseq_277","z0195776.RunMS51","G/G","G","G",NA,NA,9,0,0,0
"RunMS51.52884","Mnov_gtseq_168","z0195713.RunMS51","G/T","G","T",NA,NA,28,21,0,0
"RunMS51.60354","Mnov_gtseq_168","z0195713b.RunMS51","G/G","G","G",NA,NA,13,0,0,0
"RunMS51.51838","Mnov_gtseq_517","z0196755b.RunMS51","C/G","C","G",NA,NA,31,23,0,0
"RunMS51.63430","Mnov_gtseq_517","z0196755.RunMS51","C/C","C","C",NA,NA,9,0,0,0
"RunMS45.7121","Mnov_gtseq_300","197665.RunMS45","C/C","C","C",NA,NA,229,0,0,0
"RunMS45.18851","Mnov_gtseq_300","197665b.RunMS45","C/T","C","T",NA,NA,86,37,0,0
"RunMS51.186031","Mnov_gtseq_300","z0197665.RunMS51","C/T","C","T",NA,NA,249,137,0,0
"RunMS51.57121","Mnov_gtseq_421","z0196762.RunMS51","T/T","T","T",NA,NA,18,0,0,0
"RunMS51.60021","Mnov_gtseq_421","z0196762b.RunMS51","C/T","C","T",NA,NA,9,13,0,0
"RunMS45.46841","Mnov_gtseq_277","195776b.RunMS45","A/G","A","G",NA,NA,23,21,0,0
"RunMS51.634231","Mnov_gtseq_277","z0195776.RunMS51","G/G","G","G",NA,NA,9,0,0,0
"RunMS51.60463","Mnov_gtseq_54","z0051324b.RunMS51","C/C","C","C",NA,NA,13,0,0,0
"RunMS51.64947","Mnov_gtseq_54","z0051324.RunMS51","C/G","C","G",NA,NA,6,5,0,0
"RunMS51.27735","Mnov_gtseq_257","z0197658b.RunMS51","C/T","C","T",NA,NA,153,137,0,0
"RunMS51.63507","Mnov_gtseq_257","z0197658.RunMS51","C/C","C","C",NA,NA,9,0,0,0
"RunMS45.25221","Mnov_gtseq_1","187857b.RunMS45","C/T","C","T",NA,NA,56,61,0,0
"RunMS45.37361","Mnov_gtseq_1","187857.RunMS45","T/T","T","T",NA,NA,35,0,0,0
"RunMS45.27401","Mnov_gtseq_104","187857b.RunMS45","C/T","C","T",NA,NA,55,51,0,0
"RunMS45.39521","Mnov_gtseq_104","187857.RunMS45","C/C","C","C",NA,NA,32,0,0,0
"RunMS45.48511","Mnov_gtseq_112","187857b.RunMS45","C/C","C","C",NA,NA,21,0,0,0
"RunMS45.65041","Mnov_gtseq_112","187857.RunMS45","C/T","C","T",NA,NA,3,7,0,0
"RunMS45.48571","Mnov_gtseq_145","187857b.RunMS45","T/T","T","T",NA,NA,21,0,0,0
"RunMS45.64331","Mnov_gtseq_145","187857.RunMS45","C/T","C","T",NA,NA,6,8,0,0
"RunMS45.55031","Mnov_gtseq_154","187857b.RunMS45","A/G","A","G",NA,NA,14,15,0,0
"RunMS45.61781","Mnov_gtseq_154","187857.RunMS45","A/A","A","A",NA,NA,10,0,0,0
"RunMS45.46791","Mnov_gtseq_16","187857b.RunMS45","A/G","A","G",NA,NA,22,23,0,0
"RunMS45.61741","Mnov_gtseq_16","187857.RunMS45","G/G","G","G",NA,NA,10,0,0,0
"RunMS45.20421","Mnov_gtseq_190","187857b.RunMS45","C/C","C","C",NA,NA,79,0,0,0
"RunMS45.44071","Mnov_gtseq_190","187857.RunMS45","G/G","G","G",NA,NA,26,0,0,0
"RunMS45.15851","Mnov_gtseq_193","187857b.RunMS45","A/A","A","A",NA,NA,104,0,0,0
"RunMS45.27391","Mnov_gtseq_193","187857.RunMS45","A/C","A","C",NA,NA,55,46,0,0
"RunMS45.27801","Mnov_gtseq_197","187857b.RunMS45","G/G","G","G",NA,NA,54,0,0,0
"RunMS45.39541","Mnov_gtseq_197","187857.RunMS45","A/G","A","G",NA,NA,32,23,0,0
"RunMS45.20621","Mnov_gtseq_2","187857b.RunMS45","G/G","G","G",NA,NA,78,0,0,0
"RunMS45.51541","Mnov_gtseq_2","187857.RunMS45","A/G","A","G",NA,NA,16,18,0,0
"RunMS45.33431","Mnov_gtseq_205","187857.RunMS45","G/G","G","G",NA,NA,42,0,0,0
"RunMS45.40221","Mnov_gtseq_205","187857b.RunMS45","A/G","A","G",NA,NA,31,31,0,0
"RunMS45.25201","Mnov_gtseq_209","187857.RunMS45","C/C","C","C",NA,NA,61,0,0,0
"RunMS45.39551","Mnov_gtseq_209","187857b.RunMS45","C/T","C","T",NA,NA,25,32,0,0
"RunMS45.46821","Mnov_gtseq_210","187857b.RunMS45","C/C","C","C",NA,NA,23,0,0,0
"RunMS45.65781","Mnov_gtseq_210","187857.RunMS45","C/T","C","T",NA,NA,4,6,0,0
"RunMS45.23071","Mnov_gtseq_215","187857b.RunMS45","A/A","A","A",NA,NA,68,0,0,0
"RunMS45.42531","Mnov_gtseq_215","187857.RunMS45","G/G","G","G",NA,NA,28,0,0,0
"RunMS45.36161","Mnov_gtseq_218","187857b.RunMS45","A/A","A","A",NA,NA,37,0,0,0
"RunMS45.44991","Mnov_gtseq_218","187857.RunMS45","A/C","A","C",NA,NA,25,18,0,0
"RunMS45.23711","Mnov_gtseq_235","187857b.RunMS45","C/C","C","C",NA,NA,66,0,0,0
"RunMS45.61711","Mnov_gtseq_235","187857.RunMS45","C/T","C","T",NA,NA,10,8,0,0
"RunMS45.42551","Mnov_gtseq_238","187857b.RunMS45","C/T","C","T",NA,NA,28,20,0,0
"RunMS45.57551","Mnov_gtseq_238","187857.RunMS45","T/T","T","T",NA,NA,13,0,0,0
"RunMS45.43311","Mnov_gtseq_240","187857b.RunMS45","C/C","C","C",NA,NA,27,0,0,0
"RunMS45.64321","Mnov_gtseq_240","187857.RunMS45","C/G","C","G",NA,NA,8,6,0,0
"RunMS45.29081","Mnov_gtseq_243","187857b.RunMS45","C/T","C","T",NA,NA,48,51,0,0
"RunMS45.57541","Mnov_gtseq_243","187857.RunMS45","C/C","C","C",NA,NA,13,0,0,0
"RunMS45.23361","Mnov_gtseq_244","187857b.RunMS45","T/T","T","T",NA,NA,67,0,0,0
"RunMS45.60231","Mnov_gtseq_244","187857.RunMS45","C/C","C","C",NA,NA,11,0,0,0
"RunMS45.34131","Mnov_gtseq_251","187857b.RunMS45","G/G","G","G",NA,NA,41,0,0,0
"RunMS45.65791","Mnov_gtseq_251","187857.RunMS45","G/T","G","T",NA,NA,6,5,0,0
"RunMS45.37371","Mnov_gtseq_255","187857b.RunMS45","A/G","A","G",NA,NA,30,35,0,0
"RunMS45.50381","Mnov_gtseq_255","187857.RunMS45","G/G","G","G",NA,NA,19,0,0,0
"RunMS45.38161","Mnov_gtseq_257","187857b.RunMS45","C/T","C","T",NA,NA,18,34,0,0
"RunMS45.60241","Mnov_gtseq_257","187857.RunMS45","T/T","T","T",NA,NA,11,0,0,0
"RunMS45.10031","Mnov_gtseq_26","187857.RunMS45","C/T","C","T",NA,NA,162,99,0,0
"RunMS45.11341","Mnov_gtseq_26","187857b.RunMS45","T/T","T","T",NA,NA,144,0,0,0
"RunMS45.45031","Mnov_gtseq_265","187857b.RunMS45","A/G","A","G",NA,NA,16,25,0,0
"RunMS45.56231","Mnov_gtseq_265","187857.RunMS45","A/A","A","A",NA,NA,14,0,0,0
"RunMS45.1151","Mnov_gtseq_268","187857.RunMS45","A/A","A","A",NA,NA,894,0,0,0
"RunMS45.15391","Mnov_gtseq_268","187857b.RunMS45","A/G","A","G",NA,NA,107,96,0,0
"RunMS45.44091","Mnov_gtseq_269","187857b.RunMS45","C/T","C","T",NA,NA,26,25,0,0
"RunMS45.57491","Mnov_gtseq_269","187857.RunMS45","C/C","C","C",NA,NA,13,0,0,0
"RunMS45.13961","Mnov_gtseq_277","187857b.RunMS45","A/A","A","A",NA,NA,118,0,0,0
"RunMS45.17861","Mnov_gtseq_277","187857.RunMS45","A/G","A","G",NA,NA,82,91,0,0
"RunMS45.34641","Mnov_gtseq_278","187857.RunMS45","A/A","A","A",NA,NA,40,0,0,0
"RunMS45.46811","Mnov_gtseq_278","187857b.RunMS45","A/C","A","C",NA,NA,23,19,0,0
"RunMS45.18831","Mnov_gtseq_28","187857b.RunMS45","C/C","C","C",NA,NA,86,0,0,0
"RunMS45.56201","Mnov_gtseq_28","187857.RunMS45","C/T","C","T",NA,NA,14,14,0,0
"RunMS45.6901","Mnov_gtseq_287","187857.RunMS45","C/T","C","T",NA,NA,235,207,0,0
"RunMS45.12781","Mnov_gtseq_287","187857b.RunMS45","C/C","C","C",NA,NA,129,0,0,0
"RunMS45.21491","Mnov_gtseq_289","187857b.RunMS45","G/G","G","G",NA,NA,75,0,0,0
"RunMS45.43281","Mnov_gtseq_289","187857.RunMS45","A/A","A","A",NA,NA,27,0,0,0
"RunMS45.14971","Mnov_gtseq_297","187857b.RunMS45","G/G","G","G",NA,NA,110,0,0,0
"RunMS45.42541","Mnov_gtseq_297","187857.RunMS45","A/G","A","G",NA,NA,28,17,0,0
"RunMS45.22801","Mnov_gtseq_299","187857b.RunMS45","C/G","C","G",NA,NA,62,69,0,0
"RunMS45.31821","Mnov_gtseq_299","187857.RunMS45","G/G","G","G",NA,NA,45,0,0,0
"RunMS45.31851","Mnov_gtseq_314","187857b.RunMS45","C/T","C","T",NA,NA,45,39,0,0
"RunMS45.61731","Mnov_gtseq_314","187857.RunMS45","T/T","T","T",NA,NA,10,0,0,0
"RunMS45.26271","Mnov_gtseq_321","187857.RunMS45","G/G","G","G",NA,NA,58,0,0,0
"RunMS45.34111","Mnov_gtseq_321","187857b.RunMS45","C/G","C","G",NA,NA,30,41,0,0
"RunMS45.18811","Mnov_gtseq_328","187857b.RunMS45","A/A","A","A",NA,NA,86,0,0,0
"RunMS45.25211","Mnov_gtseq_328","187857.RunMS45","C/C","C","C",NA,NA,61,0,0,0
"RunMS45.45021","Mnov_gtseq_333","187857b.RunMS45","A/G","A","G",NA,NA,15,25,0,0
"RunMS45.57521","Mnov_gtseq_333","187857.RunMS45","G/G","G","G",NA,NA,13,0,0,0
"RunMS45.27421","Mnov_gtseq_334","187857b.RunMS45","A/C","A","C",NA,NA,55,50,0,0
"RunMS45.31831","Mnov_gtseq_334","187857.RunMS45","A/A","A","A",NA,NA,45,0,0,0
"RunMS45.23701","Mnov_gtseq_341","187857b.RunMS45","T/T","T","T",NA,NA,66,0,0,0
"RunMS45.38761","Mnov_gtseq_341","187857.RunMS45","C/T","C","T",NA,NA,33,23,0,0
"RunMS45.46751","Mnov_gtseq_363","187857.RunMS45","G/G","G","G",NA,NA,23,0,0,0
"RunMS45.50411","Mnov_gtseq_363","187857b.RunMS45","C/C","C","C",NA,NA,19,0,0,0
"RunMS45.44111","Mnov_gtseq_366","187857b.RunMS45","C/T","C","T",NA,NA,26,25,0,0
"RunMS45.61701","Mnov_gtseq_366","187857.RunMS45","T/T","T","T",NA,NA,10,0,0,0
"RunMS45.21201","Mnov_gtseq_39","187857.RunMS45","T/T","T","T",NA,NA,76,0,0,0
"RunMS45.26281","Mnov_gtseq_39","187857b.RunMS45","C/T","C","T",NA,NA,47,58,0,0
"RunMS45.7731","Mnov_gtseq_397","187857.RunMS45","T/T","T","T",NA,NA,208,0,0,0
"RunMS45.25881","Mnov_gtseq_397","187857b.RunMS45","G/T","G","T",NA,NA,59,51,0,0
"RunMS45.22171","Mnov_gtseq_41","187857b.RunMS45","C/C","C","C",NA,NA,72,0,0,0
"RunMS45.48501","Mnov_gtseq_41","187857.RunMS45","T/T","T","T",NA,NA,21,0,0,0
"RunMS45.31331","Mnov_gtseq_416","187857.RunMS45","C/C","C","C",NA,NA,46,0,0,0
"RunMS45.34151","Mnov_gtseq_416","187857b.RunMS45","C/G","C","G",NA,NA,41,20,0,0
"RunMS45.27781","Mnov_gtseq_426","187857.RunMS45","G/G","G","G",NA,NA,54,0,0,0
"RunMS45.41851","Mnov_gtseq_426","187857b.RunMS45","A/G","A","G",NA,NA,20,29,0,0
"RunMS45.13631","Mnov_gtseq_434","187857b.RunMS45","T/T","T","T",NA,NA,121,0,0,0
"RunMS45.21951","Mnov_gtseq_434","187857.RunMS45","C/C","C","C",NA,NA,73,0,0,0
"RunMS45.32251","Mnov_gtseq_444","187857b.RunMS45","T/T","T","T",NA,NA,44,0,0,0
"RunMS45.61751","Mnov_gtseq_444","187857.RunMS45","C/T","C","T",NA,NA,10,5,0,0
"RunMS45.34091","Mnov_gtseq_451","187857.RunMS45","G/G","G","G",NA,NA,41,0,0,0
"RunMS45.41831","Mnov_gtseq_451","187857b.RunMS45","A/G","A","G",NA,NA,29,29,0,0
"RunMS45.18821","Mnov_gtseq_461","187857b.RunMS45","C/C","C","C",NA,NA,86,0,0,0
"RunMS45.43271","Mnov_gtseq_461","187857.RunMS45","C/T","C","T",NA,NA,25,27,0,0
"RunMS45.25561","Mnov_gtseq_468","187857b.RunMS45","C/G","C","G",NA,NA,60,49,0,0
"RunMS45.49491","Mnov_gtseq_468","187857.RunMS45","C/C","C","C",NA,NA,20,0,0,0
"RunMS45.26991","Mnov_gtseq_470","187857b.RunMS45","G/G","G","G",NA,NA,56,0,0,0
"RunMS45.57501","Mnov_gtseq_470","187857.RunMS45","A/A","A","A",NA,NA,13,0,0,0
"RunMS45.14821","Mnov_gtseq_477","187857.RunMS45","A/A","A","A",NA,NA,111,0,0,0
"RunMS45.28181","Mnov_gtseq_477","187857b.RunMS45","A/G","A","G",NA,NA,53,40,0,0
"RunMS45.27791","Mnov_gtseq_479","187857b.RunMS45","T/T","T","T",NA,NA,54,0,0,0
"RunMS45.50391","Mnov_gtseq_479","187857.RunMS45","C/C","C","C",NA,NA,19,0,0,0
"RunMS45.28171","Mnov_gtseq_504","187857b.RunMS45","A/A","A","A",NA,NA,53,0,0,0
"RunMS45.65031","Mnov_gtseq_504","187857.RunMS45","A/G","A","G",NA,NA,7,5,0,0
"RunMS45.30851","Mnov_gtseq_518","187857.RunMS45","C/C","C","C",NA,NA,47,0,0,0
"RunMS45.48541","Mnov_gtseq_518","187857b.RunMS45","C/G","C","G",NA,NA,17,21,0,0
"RunMS45.50421","Mnov_gtseq_539","187857b.RunMS45","C/T","C","T",NA,NA,19,12,0,0
"RunMS45.56221","Mnov_gtseq_539","187857.RunMS45","C/C","C","C",NA,NA,14,0,0,0
"RunMS45.981","Mnov_gtseq_541","187857.RunMS45","C/T","C","T",NA,NA,804,1010,0,0
"RunMS45.16141","Mnov_gtseq_541","187857b.RunMS45","C/C","C","C",NA,NA,102,0,0,0
"RunMS51.508751","Mnov_gtseq_541","z0187857.RunMS51","C/C","C","C",NA,NA,33,0,0,0
"RunMS45.14501","Mnov_gtseq_57","187857b.RunMS45","G/G","G","G",NA,NA,114,0,0,0
"RunMS45.41001","Mnov_gtseq_57","187857.RunMS45","A/G","A","G",NA,NA,30,29,0,0
"RunMS45.20041","Mnov_gtseq_61","187857b.RunMS45","C/C","C","C",NA,NA,81,0,0,0
"RunMS45.57561","Mnov_gtseq_61","187857.RunMS45","A/C","A","C",NA,NA,13,11,0,0
"RunMS45.30871","Mnov_gtseq_64","187857b.RunMS45","A/G","A","G",NA,NA,47,42,0,0
"RunMS45.41761","Mnov_gtseq_64","187857.RunMS45","G/G","G","G",NA,NA,29,0,0,0
"RunMS45.13151","Mnov_gtseq_65","187857b.RunMS45","C/C","C","C",NA,NA,125,0,0,0
"RunMS45.47681","Mnov_gtseq_65","187857.RunMS45","C/G","C","G",NA,NA,22,15,0,0
"RunMS45.25551","Mnov_gtseq_69","187857b.RunMS45","C/T","C","T",NA,NA,60,50,0,0
"RunMS45.56181","Mnov_gtseq_69","187857.RunMS45","T/T","T","T",NA,NA,14,0,0,0
"RunMS45.38191","Mnov_gtseq_82","187857b.RunMS45","C/T","C","T",NA,NA,26,34,0,0
"RunMS45.52581","Mnov_gtseq_82","187857.RunMS45","T/T","T","T",NA,NA,17,0,0,0
"RunMS45.23061","Mnov_gtseq_83","187857b.RunMS45","C/T","C","T",NA,NA,58,68,0,0
"RunMS45.28751","Mnov_gtseq_83","187857.RunMS45","C/C","C","C",NA,NA,52,0,0,0
"RunMS45.3681","Mnov_gtseq_90","187857.RunMS45","A/G","A","G",NA,NA,331,431,0,0
"RunMS45.9511","Mnov_gtseq_90","187857b.RunMS45","G/G","G","G",NA,NA,172,0,0,0
"RunMS45.2291","Mnov_gtseq_91","187857.RunMS45","A/A","A","A",NA,NA,572,0,0,0
"RunMS45.8971","Mnov_gtseq_91","187857b.RunMS45","G/G","G","G",NA,NA,181,0,0,0
"RunMS45.38181","Mnov_gtseq_98","187857b.RunMS45","A/G","A","G",NA,NA,34,30,0,0
"RunMS45.52571","Mnov_gtseq_98","187857.RunMS45","A/A","A","A",NA,NA,17,0,0,0
"RunMS51.63369","Mnov_gtseq_126","z0195659.RunMS51","C/C","C","C",NA,NA,9,0,0,0
"RunMS54.40583","Mnov_gtseq_126","z0195659.RunMS54","C/T","C","T",NA,NA,78,63,0,0
"RunMS51.62848","Mnov_gtseq_186","z0195668.RunMS51","G/G","G","G",NA,NA,10,0,0,0
"RunMS54.21465","Mnov_gtseq_186","z0195668.RunMS54","C/G","C","G",NA,NA,256,254,0,0
"RunMS51.61943","Mnov_gtseq_440","z0195668.RunMS51","A/G","A","G",NA,NA,11,6,0,0
"RunMS54.64070","Mnov_gtseq_440","z0195668.RunMS54","G/G","G","G",NA,NA,15,0,0,0
"RunMS51.63480","Mnov_gtseq_53","z0195668.RunMS51","G/G","G","G",NA,NA,9,0,0,0
"RunMS54.34594","Mnov_gtseq_53","z0195668.RunMS54","G/T","G","T",NA,NA,93,115,0,0
"RunMS51.63679","Mnov_gtseq_202","z0195657.RunMS51","C/C","C","C",NA,NA,9,0,0,0
"RunMS54.40475","Mnov_gtseq_202","z0195657.RunMS54","A/C","A","C",NA,NA,60,79,0,0
"RunMS51.61885","Mnov_gtseq_12","z0195677.RunMS51","T/T","T","T",NA,NA,11,0,0,0
"RunMS54.31016","Mnov_gtseq_12","z0195677.RunMS54","G/T","G","T",NA,NA,144,127,0,0
"RunMS51.63573","Mnov_gtseq_195","z0195673.RunMS51","C/C","C","C",NA,NA,9,0,0,0
"RunMS54.23915","Mnov_gtseq_195","z0195673.RunMS54","C/G","C","G",NA,NA,221,204,0,0
"RunMS51.60544","Mnov_gtseq_241","z0195673.RunMS51","T/T","T","T",NA,NA,13,0,0,0
"RunMS54.17070","Mnov_gtseq_241","z0195673.RunMS54","C/T","C","T",NA,NA,278,335,0,0
"RunMS51.60489","Mnov_gtseq_145","z0195667.RunMS51","T/T","T","T",NA,NA,13,0,0,0
"RunMS54.18803","Mnov_gtseq_145","z0195667.RunMS54","C/T","C","T",NA,NA,256,300,0,0
"RunMS51.63515","Mnov_gtseq_309","z0195667.RunMS51","T/T","T","T",NA,NA,9,0,0,0
"RunMS54.44250","Mnov_gtseq_309","z0195667.RunMS54","A/T","A","T",NA,NA,43,60,0,0
"RunMS51.62932","Mnov_gtseq_353","z0195667.RunMS51","T/T","T","T",NA,NA,10,0,0,0
"RunMS54.18378","Mnov_gtseq_353","z0195667.RunMS54","C/T","C","T",NA,NA,246,308,0,0
"RunMS51.61184","Mnov_gtseq_356","z0195667.RunMS51","C/C","C","C",NA,NA,12,0,0,0
"RunMS54.66648","Mnov_gtseq_356","z0195667.RunMS54","C/N","C","N",NA,NA,12,7,0,0
"RunMS51.62075","Mnov_gtseq_190","z0195650.RunMS51","G/G","G","G",NA,NA,11,0,0,0
"RunMS54.20727","Mnov_gtseq_190","z0195650.RunMS54","C/G","C","G",NA,NA,268,241,0,0
"RunMS51.54813","Mnov_gtseq_114","z0195644.RunMS51","C/C","C","C",NA,NA,23,0,0,0
"RunMS54.23058","Mnov_gtseq_114","z0195644.RunMS54","C/N","C","N",NA,NA,116,233,0,0
"RunMS45.5371","Mnov_gtseq_13","175371b.RunMS45","T/T","T","T",NA,NA,295,0,0,0
"RunMS45.53821","Mnov_gtseq_13","175371.RunMS45","G/G","G","G",NA,NA,16,0,0,0
"RunMS54.98491","Mnov_gtseq_13","z0175371.RunMS54","T/T","T","T",NA,NA,548,0,0,0
"RunMS45.2011","Mnov_gtseq_140","175371b.RunMS45","T/T","T","T",NA,NA,616,0,0,0
"RunMS45.7721","Mnov_gtseq_140","175371.RunMS45","C/C","C","C",NA,NA,208,0,0,0
"RunMS54.40711","Mnov_gtseq_140","z0175371.RunMS54","T/T","T","T",NA,NA,979,0,0,0
"RunMS45.6821","Mnov_gtseq_141","175371b.RunMS45","G/T","G","T",NA,NA,236,237,0,0
"RunMS45.61631","Mnov_gtseq_141","175371.RunMS45","T/T","T","T",NA,NA,10,0,0,0
"RunMS54.105041","Mnov_gtseq_141","z0175371.RunMS54","G/T","G","T",NA,NA,480,521,0,0
"RunMS45.26251","Mnov_gtseq_145","175371b.RunMS45","T/T","T","T",NA,NA,58,0,0,0
"RunMS45.65761","Mnov_gtseq_145","175371.RunMS45","C/T","C","T",NA,NA,6,6,0,0
"RunMS54.222021","Mnov_gtseq_145","z0175371.RunMS54","T/T","T","T",NA,NA,245,0,0,0
"RunMS45.11531","Mnov_gtseq_157","175371b.RunMS45","T/T","T","T",NA,NA,142,0,0,0
"RunMS45.49451","Mnov_gtseq_157","175371.RunMS45","C/C","C","C",NA,NA,20,0,0,0
"RunMS54.102121","Mnov_gtseq_157","z0175371.RunMS54","T/T","T","T",NA,NA,534,0,0,0
"RunMS45.22521","Mnov_gtseq_158","175371b.RunMS45","A/G","A","G",NA,NA,54,70,0,0
"RunMS45.60161","Mnov_gtseq_158","175371.RunMS45","G/G","G","G",NA,NA,11,0,0,0
"RunMS54.179451","Mnov_gtseq_158","z0175371.RunMS54","A/G","A","G",NA,NA,298,317,0,0
"RunMS45.3001","Mnov_gtseq_160","175371b.RunMS45","G/G","G","G",NA,NA,499,0,0,0
"RunMS45.16621","Mnov_gtseq_160","175371.RunMS45","A/A","A","A",NA,NA,99,0,0,0
"RunMS54.280791","Mnov_gtseq_160","z0175371.RunMS54","G/G","G","G",NA,NA,173,0,0,0
"RunMS45.4161","Mnov_gtseq_193","175371b.RunMS45","A/C","A","C",NA,NA,389,387,0,0
"RunMS45.29051","Mnov_gtseq_193","175371.RunMS45","A/A","A","A",NA,NA,51,0,0,0
"RunMS54.29451","Mnov_gtseq_193","z0175371.RunMS54","A/C","A","C",NA,NA,1096,1166,0,0
"RunMS45.2381","Mnov_gtseq_195","175371b.RunMS45","C/C","C","C",NA,NA,566,0,0,0
"RunMS45.35621","Mnov_gtseq_195","175371.RunMS45","C/G","C","G",NA,NA,38,33,0,0
"RunMS54.10511","Mnov_gtseq_195","z0175371.RunMS54","C/C","C","C",NA,NA,1946,0,0,0
"RunMS45.2501","Mnov_gtseq_2","175371b.RunMS45","G/G","G","G",NA,NA,548,0,0,0
"RunMS45.63411","Mnov_gtseq_2","175371.RunMS45","A/G","A","G",NA,NA,9,5,0,0
"RunMS54.11841","Mnov_gtseq_2","z0175371.RunMS54","G/G","G","G",NA,NA,1846,0,0,0
"RunMS45.2691","Mnov_gtseq_201","175371b.RunMS45","C/T","C","T",NA,NA,531,448,0,0
"RunMS45.17711","Mnov_gtseq_201","175371.RunMS45","C/C","C","C",NA,NA,92,0,0,0
"RunMS54.24781","Mnov_gtseq_201","z0175371.RunMS54","C/T","C","T",NA,NA,1287,1233,0,0
"RunMS45.8031","Mnov_gtseq_208","175371b.RunMS45","C/T","C","T",NA,NA,177,201,0,0
"RunMS45.60191","Mnov_gtseq_208","175371.RunMS45","C/C","C","C",NA,NA,11,0,0,0
"RunMS54.97621","Mnov_gtseq_208","z0175371.RunMS54","C/T","C","T",NA,NA,545,552,0,0
"RunMS45.4511","Mnov_gtseq_209","175371b.RunMS45","C/C","C","C",NA,NA,356,0,0,0
"RunMS45.38141","Mnov_gtseq_209","175371.RunMS45","T/T","T","T",NA,NA,34,0,0,0
"RunMS54.30161","Mnov_gtseq_209","z0175371.RunMS54","C/C","C","C",NA,NA,1153,0,0,0
"RunMS45.2611","Mnov_gtseq_243","175371b.RunMS45","C/C","C","C",NA,NA,540,0,0,0
"RunMS45.64301","Mnov_gtseq_243","175371.RunMS45","C/T","C","T",NA,NA,6,8,0,0
"RunMS54.21371","Mnov_gtseq_243","z0175371.RunMS54","C/C","C","C",NA,NA,1387,0,0,0
"RunMS45.2711","Mnov_gtseq_26","175371b.RunMS45","C/T","C","T",NA,NA,529,492,0,0
"RunMS45.10281","Mnov_gtseq_26","175371.RunMS45","T/T","T","T",NA,NA,158,0,0,0
"RunMS54.13321","Mnov_gtseq_26","z0175371.RunMS54","C/T","C","T",NA,NA,1744,1682,0,0
"RunMS45.2191","Mnov_gtseq_268","175371b.RunMS45","A/G","A","G",NA,NA,559,589,0,0
"RunMS45.2523","Mnov_gtseq_268","175371.RunMS45","G/G","G","G",NA,NA,545,0,0,0
"RunMS54.5631","Mnov_gtseq_268","z0175371.RunMS54","A/G","A","G",NA,NA,2653,2368,0,0
"RunMS45.4921","Mnov_gtseq_28","175371b.RunMS45","C/T","C","T",NA,NA,305,325,0,0
"RunMS45.52491","Mnov_gtseq_28","175371.RunMS45","C/C","C","C",NA,NA,17,0,0,0
"RunMS54.39701","Mnov_gtseq_28","z0175371.RunMS54","C/T","C","T",NA,NA,995,971,0,0
"RunMS45.1731","Mnov_gtseq_285","175371b.RunMS45","G/G","G","G",NA,NA,694,0,0,0
"RunMS45.35611","Mnov_gtseq_285","175371.RunMS45","A/G","A","G",NA,NA,38,33,0,0
"RunMS54.4381","Mnov_gtseq_285","z0175371.RunMS54","G/G","G","G",NA,NA,2964,0,0,0
"RunMS45.4281","Mnov_gtseq_297","175371b.RunMS45","A/G","A","G",NA,NA,369,379,0,0
"RunMS45.37341","Mnov_gtseq_297","175371.RunMS45","A/A","A","A",NA,NA,35,0,0,0
"RunMS54.64391","Mnov_gtseq_297","z0175371.RunMS54","A/G","A","G",NA,NA,737,737,0,0
"RunMS45.3901","Mnov_gtseq_299","175371b.RunMS45","G/G","G","G",NA,NA,410,0,0,0
"RunMS45.51481","Mnov_gtseq_299","175371.RunMS45","C/G","C","G",NA,NA,13,18,0,0
"RunMS54.10301","Mnov_gtseq_299","z0175371.RunMS54","G/G","G","G",NA,NA,1970,0,0,0
"RunMS45.19081","Mnov_gtseq_315","175371b.RunMS45","C/T","C","T",NA,NA,85,59,0,0
"RunMS45.61661","Mnov_gtseq_315","175371.RunMS45","C/C","C","C",NA,NA,10,0,0,0
"RunMS54.225431","Mnov_gtseq_315","z0175371.RunMS54","C/T","C","T",NA,NA,240,233,0,0
"RunMS45.3891","Mnov_gtseq_33","175371b.RunMS45","G/T","G","T",NA,NA,411,398,0,0
"RunMS45.51491","Mnov_gtseq_33","175371.RunMS45","T/T","T","T",NA,NA,18,0,0,0
"RunMS54.34821","Mnov_gtseq_33","z0175371.RunMS54","G/T","G","T",NA,NA,1042,1069,0,0
"RunMS45.2621","Mnov_gtseq_334","175371b.RunMS45","A/A","A","A",NA,NA,540,0,0,0
"RunMS45.42491","Mnov_gtseq_334","175371.RunMS45","A/C","A","C",NA,NA,28,12,0,0
"RunMS54.5541","Mnov_gtseq_334","z0175371.RunMS54","A/A","A","A",NA,NA,2673,0,0,0
"RunMS45.5231","Mnov_gtseq_335","175371b.RunMS45","C/C","C","C",NA,NA,308,0,0,0
"RunMS45.58871","Mnov_gtseq_335","175371.RunMS45","A/C","A","C",NA,NA,12,10,0,0
"RunMS54.42451","Mnov_gtseq_335","z0175371.RunMS54","C/C","C","C",NA,NA,955,0,0,0
"RunMS45.54921","Mnov_gtseq_391","175371.RunMS45","G/G","G","G",NA,NA,15,0,0,0
"RunMS54.580021","Mnov_gtseq_391","z0175371.RunMS54","A/A","A","A",NA,NA,23,0,0,0
"RunMS45.6061","Mnov_gtseq_399","175371b.RunMS45","A/G","A","G",NA,NA,263,222,0,0
"RunMS45.53801","Mnov_gtseq_399","175371.RunMS45","G/G","G","G",NA,NA,16,0,0,0
"RunMS54.68841","Mnov_gtseq_399","z0175371.RunMS54","A/G","A","G",NA,NA,706,624,0,0
"RunMS45.2951","Mnov_gtseq_405","175371b.RunMS45","C/C","C","C",NA,NA,503,0,0,0
"RunMS45.36731","Mnov_gtseq_405","175371.RunMS45","C/T","C","T",NA,NA,36,29,0,0
"RunMS54.49771","Mnov_gtseq_405","z0175371.RunMS54","C/C","C","C",NA,NA,867,0,0,0
"RunMS45.2421","Mnov_gtseq_413","175371b.RunMS45","G/G","G","G",NA,NA,560,0,0,0
"RunMS45.53831","Mnov_gtseq_413","175371.RunMS45","A/G","A","G",NA,NA,8,16,0,0
"RunMS54.30191","Mnov_gtseq_413","z0175371.RunMS54","G/G","G","G",NA,NA,1152,0,0,0
"RunMS45.7411","Mnov_gtseq_43","175371b.RunMS45","C/T","C","T",NA,NA,200,220,0,0
"RunMS45.46741","Mnov_gtseq_43","175371.RunMS45","C/C","C","C",NA,NA,23,0,0,0
"RunMS54.65971","Mnov_gtseq_43","z0175371.RunMS54","C/T","C","T",NA,NA,725,668,0,0
"RunMS45.3221","Mnov_gtseq_434","175371b.RunMS45","C/T","C","T",NA,NA,464,480,0,0
"RunMS45.29531","Mnov_gtseq_434","175371.RunMS45","C/C","C","C",NA,NA,50,0,0,0
"RunMS54.23751","Mnov_gtseq_434","z0175371.RunMS54","C/T","C","T",NA,NA,1315,1221,0,0
"RunMS45.3861","Mnov_gtseq_440","175371b.RunMS45","G/G","G","G",NA,NA,414,0,0,0
"RunMS45.57441","Mnov_gtseq_440","175371.RunMS45","A/A","A","A",NA,NA,13,0,0,0
"RunMS54.31401","Mnov_gtseq_440","z0175371.RunMS54","G/G","G","G",NA,NA,1128,0,0,0
"RunMS45.2921","Mnov_gtseq_461","175371b.RunMS45","C/C","C","C",NA,NA,505,0,0,0
"RunMS45.40991","Mnov_gtseq_461","175371.RunMS45","T/T","T","T",NA,NA,30,0,0,0
"RunMS45.1801","Mnov_gtseq_468","175371b.RunMS45","G/G","G","G",NA,NA,677,0,0,0
"RunMS45.63431","Mnov_gtseq_468","175371.RunMS45","C/G","C","G",NA,NA,8,9,0,0
"RunMS54.19111","Mnov_gtseq_468","z0175371.RunMS54","G/G","G","G",NA,NA,1461,0,0,0
"RunMS45.7851","Mnov_gtseq_475","175371b.RunMS45","G/G","G","G",NA,NA,205,0,0,0
"RunMS45.64291","Mnov_gtseq_475","175371.RunMS45","A/G","A","G",NA,NA,8,7,0,0
"RunMS54.90291","Mnov_gtseq_475","z0175371.RunMS54","G/G","G","G",NA,NA,586,0,0,0
"RunMS45.6581","Mnov_gtseq_504","175371b.RunMS45","G/G","G","G",NA,NA,248,0,0,0
"RunMS45.57431","Mnov_gtseq_504","175371.RunMS45","A/A","A","A",NA,NA,13,0,0,0
"RunMS54.12451","Mnov_gtseq_504","z0175371.RunMS54","G/G","G","G",NA,NA,1799,0,0,0
"RunMS45.6541","Mnov_gtseq_513","175371b.RunMS45","A/G","A","G",NA,NA,207,249,0,0
"RunMS45.29061","Mnov_gtseq_513","175371.RunMS45","G/G","G","G",NA,NA,51,0,0,0
"RunMS54.22771","Mnov_gtseq_513","z0175371.RunMS54","A/G","A","G",NA,NA,1293,1346,0,0
"RunMS45.391","Mnov_gtseq_541","175371.RunMS45","C/C","C","C",NA,NA,1727,0,0,0
"RunMS45.4171","Mnov_gtseq_541","175371b.RunMS45","C/T","C","T",NA,NA,334,389,0,0
"RunMS54.26741","Mnov_gtseq_541","z0175371.RunMS54","C/T","C","T",NA,NA,1098,1231,0,0
"RunMS45.10021","Mnov_gtseq_547","175371b.RunMS45","C/T","C","T",NA,NA,145,162,0,0
"RunMS45.52511","Mnov_gtseq_547","175371.RunMS45","C/C","C","C",NA,NA,17,0,0,0
"RunMS54.45231","Mnov_gtseq_547","z0175371.RunMS54","C/T","C","T",NA,NA,919,911,0,0
"RunMS45.2221","Mnov_gtseq_61","175371b.RunMS45","C/C","C","C",NA,NA,583,0,0,0
"RunMS45.63421","Mnov_gtseq_61","175371.RunMS45","A/C","A","C",NA,NA,9,4,0,0
"RunMS54.11011","Mnov_gtseq_61","z0175371.RunMS54","C/C","C","C",NA,NA,1907,0,0,0
"RunMS45.2701","Mnov_gtseq_69","175371b.RunMS45","C/C","C","C",NA,NA,530,0,0,0
"RunMS45.64951","Mnov_gtseq_69","175371.RunMS45","C/T","C","T",NA,NA,4,7,0,0
"RunMS54.18921","Mnov_gtseq_69","z0175371.RunMS54","C/C","C","C",NA,NA,1469,0,0,0
"RunMS45.3121","Mnov_gtseq_73","175371b.RunMS45","A/G","A","G",NA,NA,487,482,0,0
"RunMS45.38741","Mnov_gtseq_73","175371.RunMS45","G/G","G","G",NA,NA,33,0,0,0
"RunMS54.22321","Mnov_gtseq_73","z0175371.RunMS54","A/G","A","G",NA,NA,1357,1332,0,0
"RunMS45.10911","Mnov_gtseq_74","175371b.RunMS45","G/T","G","T",NA,NA,147,148,0,0
"RunMS45.49461","Mnov_gtseq_74","175371.RunMS45","T/T","T","T",NA,NA,20,0,0,0
"RunMS54.123951","Mnov_gtseq_74","z0175371.RunMS54","G/T","G","T",NA,NA,458,421,0,0
"RunMS45.8461","Mnov_gtseq_75","175371b.RunMS45","C/G","C","G",NA,NA,158,191,0,0
"RunMS45.54931","Mnov_gtseq_75","175371.RunMS45","C/C","C","C",NA,NA,15,0,0,0
"RunMS54.99361","Mnov_gtseq_75","z0175371.RunMS54","C/G","C","G",NA,NA,467,544,0,0
"RunMS45.4021","Mnov_gtseq_84","175371b.RunMS45","T/T","T","T",NA,NA,402,0,0,0
"RunMS45.57471","Mnov_gtseq_84","175371.RunMS45","C/T","C","T",NA,NA,6,13,0,0
"RunMS54.21531","Mnov_gtseq_84","z0175371.RunMS54","T/T","T","T",NA,NA,1383,0,0,0
"RunMS45.5311","Mnov_gtseq_86","175371b.RunMS45","A/A","A","A",NA,NA,300,0,0,0
"RunMS45.34611","Mnov_gtseq_86","175371.RunMS45","G/G","G","G",NA,NA,40,0,0,0
"RunMS54.25791","Mnov_gtseq_86","z0175371.RunMS54","A/A","A","A",NA,NA,1255,0,0,0
"RunMS45.12771","Mnov_gtseq_91","175371.RunMS45","A/G","A","G",NA,NA,129,113,0,0
"RunMS54.470051","Mnov_gtseq_91","z0175371.RunMS54","A/A","A","A",NA,NA,50,0,0,0
"RunMS45.11041","Mnov_gtseq_93","175371b.RunMS45","G/G","G","G",NA,NA,147,0,0,0
"RunMS45.60171","Mnov_gtseq_93","175371.RunMS45","T/T","T","T",NA,NA,11,0,0,0
"RunMS54.43841","Mnov_gtseq_93","z0175371.RunMS54","G/G","G","G",NA,NA,937,0,0,0
"RunMS45.1641","Mnov_gtseq_97","175371b.RunMS45","T/T","T","T",NA,NA,721,0,0,0
"RunMS45.28741","Mnov_gtseq_97","175371.RunMS45","G/G","G","G",NA,NA,52,0,0,0
"RunMS54.2881","Mnov_gtseq_97","z0175371.RunMS54","T/T","T","T",NA,NA,3476,0,0,0
"RunMS51.60767","Mnov_gtseq_157","z0195258.RunMS51","C/C","C","C",NA,NA,12,0,0,0
"RunMS54.21512","Mnov_gtseq_157","z0195258.RunMS54","C/T","C","T",NA,NA,245,255,0,0
"RunMS51.60188","Mnov_gtseq_371","z0195651.RunMS51","T/T","T","T",NA,NA,13,0,0,0
"RunMS54.36654","Mnov_gtseq_371","z0195651.RunMS54","G/T","G","T",NA,NA,101,82,0,0
"RunMS51.59524","Mnov_gtseq_86","z0195651.RunMS51","G/G","G","G",NA,NA,14,0,0,0
"RunMS54.26028","Mnov_gtseq_86","z0195651.RunMS54","A/G","A","G",NA,NA,175,196,0,0
"RunMS54.16783","Mnov_gtseq_271","z0045776.RunMS54","C/T","C","T",NA,NA,341,172,0,0
"RunMS54.31082","Mnov_gtseq_271","z0045776b.RunMS54","C/C","C","C",NA,NA,144,0,0,0
"RunMS54.61086","Mnov_gtseq_147","z0196857.RunMS54","C/T","C","T",NA,NA,19,14,0,0
"RunMS54.62634","Mnov_gtseq_147","z0196857b.RunMS54","T/T","T","T",NA,NA,17,0,0,0
"RunMS51.61257","Mnov_gtseq_140","z0195643.RunMS51","T/T","T","T",NA,NA,12,0,0,0
"RunMS54.20950","Mnov_gtseq_140","z0195643.RunMS54","C/T","C","T",NA,NA,235,264,0,0
"RunMS51.63561","Mnov_gtseq_61","z0195643.RunMS51","C/C","C","C",NA,NA,9,0,0,0
"RunMS54.36974","Mnov_gtseq_61","z0195643.RunMS54","A/C","A","C",NA,NA,99,93,0,0
"RunMS54.52852","Mnov_gtseq_420","z0053111.RunMS54","A/G","A","G",NA,NA,33,33,0,0
"RunMS54.65565","Mnov_gtseq_420","z0053111b.RunMS54","G/G","G","G",NA,NA,13,0,0,0
"RunMS54.63550","Mnov_gtseq_350","z0196852.RunMS54","G/T","G","T",NA,NA,16,13,0,0
"RunMS54.64289","Mnov_gtseq_350","z0196852b.RunMS54","T/T","T","T",NA,NA,15,0,0,0
"RunMS54.64665","Mnov_gtseq_444","z0053090.RunMS54","C/T","C","T",NA,NA,14,9,0,0
"RunMS54.70004","Mnov_gtseq_444","z0053090b.RunMS54","T/T","T","T",NA,NA,9,0,0,0
"RunMS54.66832","Mnov_gtseq_107","z0041472b.RunMS54","A/G","A","G",NA,NA,9,12,0,0
"RunMS54.70292","Mnov_gtseq_107","z0041472.RunMS54","G/G","G","G",NA,NA,9,0,0,0
"RunMS54.39626","Mnov_gtseq_300","z0041472b.RunMS54","C/T","C","T",NA,NA,83,56,0,0
"RunMS54.47572","Mnov_gtseq_300","z0041472.RunMS54","C/C","C","C",NA,NA,48,0,0,0
"RunMS54.53379","Mnov_gtseq_304","z0041472b.RunMS54","A/A","A","A",NA,NA,32,0,0,0
"RunMS54.70291","Mnov_gtseq_304","z0041472.RunMS54","A/G","A","G",NA,NA,9,4,0,0
"RunMS54.63901","Mnov_gtseq_509","z0043475.RunMS54","A/G","A","G",NA,NA,15,15,0,0
"RunMS54.65889","Mnov_gtseq_509","z0043475b.RunMS54","G/G","G","G",NA,NA,13,0,0,0
"RunMS54.639011","Mnov_gtseq_509","z0043475.RunMS54","A/G","A","G",NA,NA,15,15,0,0
"RunMS54.658891","Mnov_gtseq_509","z0043475b.RunMS54","G/G","G","G",NA,NA,13,0,0,0
