LABID,prod,val,MS43,MS45,MS51,MS54,times.run,genos.10readsMin,genos.20readsMin
z0040439,FALSE,TRUE,FALSE,FALSE,FALSE,TRUE,2,337,335
z0041512,TRUE,FALSE,FALSE,FALSE,FALSE,TRUE,2,337,335
z0043477,TRUE,FALSE,FALSE,FALSE,FALSE,TRUE,2,337,336
z0043572,TRUE,FALSE,FALSE,FALSE,FALSE,TRUE,2,337,336
z0051402,TRUE,FALSE,FALSE,FALSE,TRUE,FALSE,2,337,333
z0041026,TRUE,FALSE,FALSE,FALSE,FALSE,TRUE,2,336,335
z0041483,TRUE,FALSE,FALSE,FALSE,FALSE,TRUE,2,336,336
z0043980,TRUE,FALSE,TRUE,TRUE,FALSE,TRUE,4,336,334
z0107073,TRUE,FALSE,FALSE,FALSE,TRUE,FALSE,2,336,333
z0195713,TRUE,FALSE,FALSE,FALSE,TRUE,FALSE,2,336,335
z0043954,TRUE,FALSE,FALSE,FALSE,FALSE,TRUE,2,335,327
z0053759,TRUE,FALSE,FALSE,FALSE,TRUE,FALSE,2,335,329
z0107101,TRUE,FALSE,FALSE,FALSE,TRUE,FALSE,2,335,333
z0195742,TRUE,FALSE,FALSE,FALSE,TRUE,FALSE,2,335,333
z0018264,FALSE,TRUE,FALSE,FALSE,TRUE,FALSE,2,334,332
z0029833,TRUE,FALSE,FALSE,FALSE,TRUE,FALSE,2,334,332
z0040364,FALSE,TRUE,FALSE,FALSE,FALSE,TRUE,2,334,334
z0043481,TRUE,FALSE,FALSE,FALSE,FALSE,TRUE,2,334,331
z0045326,TRUE,FALSE,FALSE,FALSE,FALSE,TRUE,2,334,332
z0045329,TRUE,FALSE,FALSE,FALSE,TRUE,FALSE,2,334,330
z0051400,TRUE,FALSE,FALSE,FALSE,FALSE,TRUE,2,334,332
z0196751,TRUE,FALSE,FALSE,FALSE,FALSE,TRUE,2,334,327
z0196766,TRUE,FALSE,FALSE,FALSE,FALSE,TRUE,2,334,331
z0012701,TRUE,FALSE,FALSE,FALSE,FALSE,TRUE,2,333,328
z0040345,FALSE,TRUE,FALSE,FALSE,TRUE,FALSE,2,333,326
z0056375,TRUE,FALSE,FALSE,FALSE,TRUE,FALSE,2,333,331
z0061980,TRUE,FALSE,FALSE,FALSE,TRUE,FALSE,2,333,330
z0173485,TRUE,FALSE,FALSE,FALSE,TRUE,FALSE,2,333,327
z0187885,TRUE,FALSE,FALSE,FALSE,FALSE,TRUE,2,333,330
z0195735,TRUE,FALSE,FALSE,FALSE,TRUE,FALSE,2,333,329
z0196752,TRUE,FALSE,FALSE,FALSE,FALSE,TRUE,2,333,330
z0196754,TRUE,FALSE,FALSE,FALSE,FALSE,TRUE,2,333,330
z0011944,TRUE,FALSE,FALSE,FALSE,TRUE,FALSE,2,332,328
z0040333,FALSE,TRUE,FALSE,FALSE,FALSE,TRUE,2,332,327
z0041472,TRUE,FALSE,FALSE,FALSE,FALSE,TRUE,2,332,326
z0041498,TRUE,FALSE,FALSE,FALSE,FALSE,TRUE,2,332,328
z0045719,TRUE,FALSE,FALSE,FALSE,FALSE,TRUE,2,332,328
z0045776,TRUE,FALSE,FALSE,FALSE,FALSE,TRUE,2,332,330
z0051185,TRUE,FALSE,FALSE,FALSE,TRUE,FALSE,2,332,328
z0051898,TRUE,FALSE,FALSE,FALSE,TRUE,FALSE,2,332,329
z0056382,TRUE,FALSE,FALSE,FALSE,TRUE,FALSE,2,332,329
z0187860,TRUE,FALSE,FALSE,FALSE,TRUE,FALSE,2,332,331
z0195733,TRUE,FALSE,FALSE,FALSE,TRUE,FALSE,2,332,330
z0196710,TRUE,FALSE,FALSE,FALSE,FALSE,TRUE,2,332,328
z0196725,TRUE,FALSE,FALSE,FALSE,FALSE,TRUE,2,332,327
z0196742,TRUE,FALSE,FALSE,FALSE,TRUE,FALSE,2,332,327
z0196764,FALSE,TRUE,FALSE,FALSE,FALSE,TRUE,2,332,328
z0196769,TRUE,FALSE,FALSE,FALSE,FALSE,TRUE,2,332,330
z0196854,TRUE,FALSE,FALSE,FALSE,TRUE,FALSE,2,332,328
z0196855,FALSE,TRUE,FALSE,FALSE,FALSE,TRUE,2,332,327
z0041501,TRUE,FALSE,FALSE,FALSE,FALSE,TRUE,2,331,325
z0043642,TRUE,FALSE,FALSE,FALSE,FALSE,TRUE,2,331,329
z0043807,TRUE,FALSE,FALSE,FALSE,FALSE,TRUE,2,331,324
z0045357,TRUE,FALSE,FALSE,FALSE,TRUE,FALSE,2,331,329
z0045733,TRUE,FALSE,FALSE,FALSE,FALSE,TRUE,2,331,327
z0045781,TRUE,FALSE,FALSE,FALSE,FALSE,TRUE,2,331,328
z0045793,TRUE,FALSE,FALSE,FALSE,FALSE,TRUE,2,331,329
z0056062,TRUE,FALSE,FALSE,FALSE,FALSE,TRUE,2,331,325
z0056377,TRUE,FALSE,FALSE,FALSE,TRUE,FALSE,2,331,327
z0056378,TRUE,FALSE,FALSE,FALSE,TRUE,FALSE,2,331,327
z0056395,TRUE,FALSE,FALSE,FALSE,TRUE,FALSE,2,331,326
z0108489,TRUE,FALSE,FALSE,FALSE,TRUE,FALSE,2,331,326
z0187842,TRUE,FALSE,FALSE,FALSE,TRUE,FALSE,2,331,329
z0195702,TRUE,FALSE,FALSE,FALSE,FALSE,TRUE,2,331,328
z0195707,TRUE,FALSE,FALSE,FALSE,TRUE,FALSE,2,331,327
z0195708,TRUE,FALSE,FALSE,FALSE,TRUE,FALSE,2,331,325
z0195716,TRUE,FALSE,FALSE,FALSE,FALSE,TRUE,2,331,329
z0196686,TRUE,FALSE,FALSE,FALSE,FALSE,TRUE,2,331,329
z0196687,TRUE,FALSE,FALSE,FALSE,FALSE,TRUE,2,331,328
z0196707,TRUE,FALSE,FALSE,FALSE,TRUE,FALSE,2,331,326
z0196825,TRUE,FALSE,FALSE,FALSE,FALSE,TRUE,2,331,327
z0196857,FALSE,TRUE,FALSE,FALSE,FALSE,TRUE,2,331,326
z0197669,TRUE,FALSE,FALSE,FALSE,FALSE,TRUE,2,331,328
z0045350,TRUE,FALSE,FALSE,FALSE,TRUE,FALSE,2,330,329
z0045728,TRUE,FALSE,FALSE,FALSE,FALSE,TRUE,2,330,326
z0045731,TRUE,FALSE,FALSE,FALSE,FALSE,TRUE,2,330,326
z0053078,TRUE,FALSE,FALSE,FALSE,FALSE,TRUE,2,330,326
z0053132,TRUE,FALSE,FALSE,FALSE,FALSE,TRUE,2,330,326
z0053849,TRUE,FALSE,FALSE,FALSE,TRUE,FALSE,2,330,323
z0056397,TRUE,FALSE,FALSE,FALSE,TRUE,FALSE,2,330,326
z0056399,TRUE,FALSE,FALSE,FALSE,TRUE,FALSE,2,330,327
z0061967,TRUE,FALSE,FALSE,FALSE,FALSE,TRUE,2,330,326
z0107055,TRUE,FALSE,FALSE,FALSE,TRUE,FALSE,2,330,329
z0107080,TRUE,FALSE,FALSE,FALSE,TRUE,FALSE,2,330,322
z0195704,FALSE,TRUE,FALSE,FALSE,FALSE,TRUE,2,330,327
z0195709,TRUE,FALSE,FALSE,FALSE,TRUE,FALSE,2,330,327
z0195710,TRUE,FALSE,FALSE,FALSE,TRUE,FALSE,2,330,327
z0195711,TRUE,FALSE,FALSE,FALSE,FALSE,TRUE,2,330,326
z0195748,TRUE,FALSE,FALSE,FALSE,TRUE,FALSE,2,330,328
z0196719,FALSE,TRUE,FALSE,FALSE,FALSE,TRUE,2,330,327
z0196743,TRUE,FALSE,FALSE,FALSE,TRUE,FALSE,2,330,320
z0196757,TRUE,FALSE,FALSE,FALSE,TRUE,FALSE,2,330,325
z0196774,FALSE,TRUE,FALSE,FALSE,FALSE,TRUE,2,330,325
z0196783,FALSE,TRUE,FALSE,FALSE,TRUE,FALSE,2,330,327
z0196859,TRUE,FALSE,FALSE,FALSE,TRUE,FALSE,2,330,327
z0197679,TRUE,FALSE,FALSE,FALSE,TRUE,FALSE,2,330,328
z0043493,TRUE,FALSE,FALSE,FALSE,FALSE,TRUE,2,329,320
z0043649,TRUE,FALSE,FALSE,FALSE,FALSE,TRUE,2,329,325
z0043652,TRUE,FALSE,FALSE,FALSE,FALSE,TRUE,2,329,326
z0045404,TRUE,FALSE,FALSE,FALSE,FALSE,TRUE,2,329,328
z0045736,TRUE,FALSE,FALSE,FALSE,FALSE,TRUE,2,329,324
z0045741,TRUE,FALSE,FALSE,FALSE,FALSE,TRUE,2,329,327
z0045742,TRUE,FALSE,FALSE,FALSE,FALSE,TRUE,2,329,327
z0047854,FALSE,TRUE,TRUE,TRUE,FALSE,TRUE,4,329,323
z0051888,TRUE,FALSE,FALSE,FALSE,FALSE,TRUE,2,329,325
z0053031,FALSE,TRUE,FALSE,FALSE,FALSE,TRUE,2,329,325
z0053131,FALSE,TRUE,FALSE,FALSE,FALSE,TRUE,2,329,326
z0056391,FALSE,TRUE,FALSE,FALSE,TRUE,FALSE,2,329,321
z0066166,TRUE,FALSE,FALSE,FALSE,FALSE,FALSE,1,329,322
z0066792,FALSE,TRUE,FALSE,FALSE,TRUE,FALSE,2,329,321
z0107099,TRUE,FALSE,FALSE,FALSE,FALSE,FALSE,1,329,323
z0108508,TRUE,FALSE,FALSE,FALSE,TRUE,FALSE,2,329,325
z0175937,TRUE,FALSE,FALSE,FALSE,TRUE,FALSE,2,329,323
z0195644,TRUE,FALSE,FALSE,FALSE,TRUE,TRUE,3,329,319
z0195699,FALSE,TRUE,FALSE,FALSE,FALSE,TRUE,2,329,328
z0195715,TRUE,FALSE,FALSE,FALSE,TRUE,FALSE,2,329,323
z0195738,TRUE,FALSE,FALSE,FALSE,TRUE,FALSE,2,329,329
z0196689,TRUE,FALSE,FALSE,FALSE,FALSE,TRUE,2,329,328
z0196714,TRUE,FALSE,FALSE,FALSE,TRUE,FALSE,2,329,327
z0196728,TRUE,FALSE,FALSE,FALSE,TRUE,FALSE,2,329,327
z0196736,TRUE,FALSE,FALSE,FALSE,TRUE,FALSE,2,329,328
z0196756,TRUE,FALSE,FALSE,FALSE,TRUE,FALSE,2,329,326
z0196765,TRUE,FALSE,FALSE,FALSE,TRUE,FALSE,2,329,325
z0196824,TRUE,FALSE,FALSE,FALSE,FALSE,TRUE,2,329,326
z0196833,TRUE,FALSE,FALSE,FALSE,TRUE,FALSE,2,329,327
z0196856,FALSE,TRUE,FALSE,FALSE,FALSE,TRUE,2,329,325
z0045332,TRUE,FALSE,FALSE,FALSE,TRUE,FALSE,2,328,323
z0045779,TRUE,FALSE,FALSE,FALSE,FALSE,TRUE,2,328,325
z0049020,TRUE,FALSE,FALSE,FALSE,FALSE,TRUE,2,328,325
z0051891,TRUE,FALSE,FALSE,FALSE,TRUE,FALSE,2,328,325
z0053051,TRUE,FALSE,FALSE,FALSE,FALSE,TRUE,2,328,325
z0053103,TRUE,FALSE,FALSE,FALSE,FALSE,TRUE,2,328,322
z0053111,FALSE,TRUE,FALSE,FALSE,FALSE,TRUE,2,328,320
z0055903,TRUE,FALSE,FALSE,TRUE,FALSE,TRUE,3,328,325
z0056092,TRUE,FALSE,FALSE,FALSE,FALSE,TRUE,2,328,320
z0056095,TRUE,FALSE,FALSE,FALSE,FALSE,TRUE,2,328,323
z0056394,TRUE,FALSE,FALSE,FALSE,TRUE,FALSE,2,328,326
z0195703,TRUE,FALSE,FALSE,FALSE,TRUE,FALSE,2,328,324
z0195706,TRUE,FALSE,FALSE,FALSE,TRUE,FALSE,2,328,325
z0195712,TRUE,FALSE,FALSE,FALSE,TRUE,FALSE,2,328,326
z0195717,TRUE,FALSE,FALSE,FALSE,TRUE,FALSE,2,328,328
z0195737,TRUE,FALSE,FALSE,FALSE,FALSE,TRUE,2,328,325
z0196692,TRUE,FALSE,FALSE,FALSE,FALSE,TRUE,2,328,324
z0196734,FALSE,TRUE,FALSE,FALSE,FALSE,TRUE,2,328,322
z0196749,TRUE,FALSE,FALSE,FALSE,TRUE,FALSE,2,328,324
z0196755,TRUE,FALSE,FALSE,FALSE,TRUE,FALSE,2,328,321
z0196822,TRUE,FALSE,FALSE,FALSE,TRUE,FALSE,2,328,321
z0196823,TRUE,FALSE,FALSE,FALSE,TRUE,FALSE,2,328,325
z0196835,TRUE,FALSE,FALSE,FALSE,FALSE,TRUE,2,328,326
z0196848,TRUE,FALSE,FALSE,FALSE,TRUE,FALSE,2,328,327
z0196860,TRUE,FALSE,FALSE,FALSE,TRUE,FALSE,2,328,327
z0196863,TRUE,FALSE,FALSE,FALSE,TRUE,FALSE,2,328,318
z0197672,TRUE,FALSE,FALSE,FALSE,FALSE,TRUE,2,328,324
z0016579,TRUE,FALSE,FALSE,FALSE,FALSE,TRUE,2,327,324
z0040334,FALSE,TRUE,FALSE,FALSE,TRUE,FALSE,2,327,322
z0043478,TRUE,FALSE,FALSE,FALSE,FALSE,TRUE,2,327,319
z0045358,TRUE,FALSE,FALSE,FALSE,TRUE,FALSE,2,327,321
z0045371,TRUE,FALSE,FALSE,FALSE,FALSE,TRUE,2,327,323
z0045740,TRUE,FALSE,FALSE,FALSE,FALSE,TRUE,2,327,324
z0052846,TRUE,FALSE,FALSE,FALSE,FALSE,TRUE,2,327,326
z0052882,TRUE,FALSE,FALSE,FALSE,FALSE,TRUE,2,327,322
z0053032,FALSE,TRUE,FALSE,FALSE,FALSE,TRUE,2,327,323
z0053847,FALSE,TRUE,FALSE,FALSE,TRUE,FALSE,2,327,323
z0108480,TRUE,FALSE,FALSE,FALSE,TRUE,FALSE,2,327,320
z0195714,TRUE,FALSE,FALSE,FALSE,TRUE,FALSE,2,327,325
z0195720,TRUE,FALSE,FALSE,FALSE,TRUE,FALSE,2,327,317
z0195725,TRUE,FALSE,FALSE,FALSE,FALSE,TRUE,2,327,308
z0196722,TRUE,FALSE,FALSE,FALSE,TRUE,FALSE,2,327,323
z0196727,TRUE,FALSE,FALSE,FALSE,TRUE,FALSE,2,327,324
z0196760,TRUE,FALSE,FALSE,FALSE,TRUE,FALSE,2,327,324
z0196763,FALSE,TRUE,FALSE,FALSE,FALSE,TRUE,2,327,320
z0196772,TRUE,FALSE,FALSE,FALSE,TRUE,FALSE,2,327,324
z0196794,FALSE,TRUE,FALSE,FALSE,TRUE,FALSE,2,327,320
z0196826,TRUE,FALSE,FALSE,FALSE,TRUE,FALSE,2,327,320
z0196849,FALSE,TRUE,FALSE,FALSE,FALSE,TRUE,2,327,322
z0196852,FALSE,TRUE,FALSE,FALSE,FALSE,TRUE,2,327,324
z0196861,TRUE,FALSE,FALSE,FALSE,TRUE,FALSE,2,327,325
z0196862,TRUE,FALSE,FALSE,FALSE,TRUE,FALSE,2,327,324
z0197662,FALSE,TRUE,FALSE,FALSE,TRUE,FALSE,2,327,320
z0037607,TRUE,FALSE,FALSE,FALSE,FALSE,TRUE,2,326,321
z0040287,TRUE,FALSE,FALSE,FALSE,FALSE,TRUE,2,326,316
z0041507,TRUE,FALSE,FALSE,FALSE,FALSE,TRUE,2,326,304
z0045352,TRUE,FALSE,FALSE,FALSE,FALSE,TRUE,2,326,314
z0045789,TRUE,FALSE,FALSE,FALSE,FALSE,FALSE,1,326,324
z0053071,FALSE,TRUE,FALSE,FALSE,FALSE,TRUE,2,326,316
z0053754,TRUE,FALSE,FALSE,FALSE,TRUE,FALSE,2,326,323
z0056085,TRUE,FALSE,FALSE,FALSE,FALSE,TRUE,2,326,324
z0056384,TRUE,FALSE,FALSE,FALSE,TRUE,FALSE,2,326,314
z0063092,TRUE,FALSE,FALSE,FALSE,FALSE,FALSE,1,326,320
z0068471,TRUE,FALSE,FALSE,FALSE,FALSE,FALSE,1,326,321
z0175928,TRUE,FALSE,FALSE,FALSE,TRUE,FALSE,2,326,322
z0195722,TRUE,FALSE,FALSE,FALSE,TRUE,FALSE,2,326,325
z0195741,TRUE,FALSE,FALSE,FALSE,TRUE,FALSE,2,326,319
z0195743,TRUE,FALSE,FALSE,FALSE,TRUE,FALSE,2,326,324
z0196709,TRUE,FALSE,FALSE,FALSE,TRUE,FALSE,2,326,316
z0196718,TRUE,FALSE,FALSE,FALSE,TRUE,FALSE,2,326,324
z0196732,TRUE,FALSE,FALSE,FALSE,TRUE,FALSE,2,326,316
z0196747,TRUE,FALSE,FALSE,FALSE,TRUE,FALSE,2,326,312
z0196758,TRUE,FALSE,FALSE,FALSE,TRUE,FALSE,2,326,318
z0196767,TRUE,FALSE,FALSE,FALSE,TRUE,FALSE,2,326,315
z0196775,TRUE,FALSE,FALSE,FALSE,TRUE,FALSE,2,326,319
z0196777,TRUE,FALSE,FALSE,FALSE,TRUE,FALSE,2,326,322
z0196781,TRUE,FALSE,FALSE,FALSE,TRUE,FALSE,2,326,322
z0196864,TRUE,FALSE,FALSE,FALSE,FALSE,TRUE,2,326,319
z0197673,TRUE,FALSE,FALSE,FALSE,TRUE,FALSE,2,326,319
z0045720,TRUE,FALSE,FALSE,FALSE,FALSE,TRUE,2,325,322
z0045739,TRUE,FALSE,FALSE,FALSE,FALSE,TRUE,2,325,321
z0055962,TRUE,FALSE,FALSE,FALSE,FALSE,TRUE,2,325,308
z0055996,FALSE,TRUE,FALSE,FALSE,FALSE,TRUE,2,325,316
z0055997,FALSE,TRUE,FALSE,FALSE,FALSE,TRUE,2,325,313
z0175377,TRUE,FALSE,FALSE,FALSE,TRUE,FALSE,2,325,320
z0187846,TRUE,FALSE,FALSE,FALSE,TRUE,FALSE,2,325,314
z0195700,TRUE,FALSE,FALSE,FALSE,TRUE,FALSE,2,325,320
z0195727,TRUE,FALSE,FALSE,FALSE,TRUE,FALSE,2,325,310
z0195730,TRUE,FALSE,FALSE,FALSE,TRUE,FALSE,2,325,321
z0195739,TRUE,FALSE,FALSE,FALSE,TRUE,FALSE,2,325,320
z0196690,TRUE,FALSE,FALSE,FALSE,FALSE,TRUE,2,325,317
z0196726,TRUE,FALSE,FALSE,FALSE,TRUE,FALSE,2,325,318
z0196729,FALSE,TRUE,FALSE,FALSE,FALSE,TRUE,2,325,316
z0196731,TRUE,FALSE,FALSE,FALSE,FALSE,TRUE,2,325,321
z0196748,TRUE,FALSE,FALSE,FALSE,TRUE,FALSE,2,325,321
z0196753,TRUE,FALSE,FALSE,FALSE,TRUE,FALSE,2,325,320
z0196768,TRUE,FALSE,FALSE,FALSE,TRUE,FALSE,2,325,318
z0196831,TRUE,FALSE,FALSE,FALSE,TRUE,FALSE,2,325,320
z0197665,FALSE,TRUE,TRUE,TRUE,TRUE,FALSE,4,325,322
z0040357,TRUE,FALSE,FALSE,FALSE,FALSE,TRUE,2,324,311
z0041233,TRUE,FALSE,FALSE,FALSE,FALSE,TRUE,2,324,314
z0043526,TRUE,FALSE,FALSE,FALSE,FALSE,TRUE,2,324,316
z0045399,TRUE,FALSE,FALSE,FALSE,FALSE,TRUE,2,324,322
z0051327,FALSE,TRUE,FALSE,FALSE,FALSE,TRUE,2,324,315
z0051947,TRUE,FALSE,FALSE,FALSE,TRUE,FALSE,2,324,315
z0053073,TRUE,FALSE,FALSE,FALSE,FALSE,TRUE,2,324,319
z0055999,TRUE,FALSE,FALSE,FALSE,FALSE,TRUE,2,324,317
z0175371,TRUE,FALSE,FALSE,TRUE,FALSE,TRUE,3,324,322
z0196693,TRUE,FALSE,FALSE,FALSE,FALSE,TRUE,2,324,318
z0196694,TRUE,FALSE,FALSE,FALSE,FALSE,TRUE,2,324,320
z0196713,TRUE,FALSE,FALSE,FALSE,FALSE,TRUE,2,324,310
z0196730,FALSE,TRUE,FALSE,FALSE,TRUE,FALSE,2,324,317
z0196744,TRUE,FALSE,FALSE,FALSE,TRUE,FALSE,2,324,318
z0196761,TRUE,FALSE,FALSE,FALSE,TRUE,FALSE,2,324,315
z0196762,TRUE,FALSE,FALSE,FALSE,TRUE,FALSE,2,324,317
z0196858,TRUE,FALSE,FALSE,FALSE,TRUE,FALSE,2,324,301
z0043966,FALSE,TRUE,FALSE,FALSE,FALSE,TRUE,2,323,309
z0044042,TRUE,FALSE,FALSE,FALSE,FALSE,TRUE,2,323,314
z0045331,TRUE,FALSE,TRUE,TRUE,TRUE,FALSE,4,323,310
z0045788,TRUE,FALSE,FALSE,FALSE,FALSE,FALSE,1,323,310
z0051324,TRUE,FALSE,FALSE,FALSE,TRUE,FALSE,2,323,306
z0051893,TRUE,FALSE,FALSE,FALSE,TRUE,FALSE,2,323,313
z0055998,FALSE,TRUE,FALSE,FALSE,FALSE,TRUE,2,323,311
z0056029,TRUE,FALSE,FALSE,FALSE,FALSE,FALSE,1,323,314
z0175950,TRUE,FALSE,FALSE,FALSE,FALSE,TRUE,2,323,311
z0178296,TRUE,FALSE,FALSE,FALSE,TRUE,FALSE,2,323,317
z0195696,TRUE,FALSE,FALSE,FALSE,FALSE,FALSE,1,323,316
z0196746,FALSE,TRUE,FALSE,FALSE,TRUE,FALSE,2,323,317
z0196778,TRUE,FALSE,FALSE,FALSE,TRUE,FALSE,2,323,319
z0196793,TRUE,FALSE,FALSE,FALSE,TRUE,FALSE,2,323,310
z0196865,TRUE,FALSE,FALSE,FALSE,TRUE,FALSE,2,323,321
z0029864,TRUE,FALSE,FALSE,FALSE,TRUE,FALSE,2,322,301
z0049019,TRUE,FALSE,FALSE,FALSE,FALSE,TRUE,2,322,319
z0053142,FALSE,TRUE,FALSE,FALSE,FALSE,TRUE,2,322,315
z0195697,TRUE,FALSE,FALSE,FALSE,TRUE,FALSE,2,322,309
z0040337,TRUE,FALSE,FALSE,FALSE,FALSE,FALSE,1,321,311
z0043876,TRUE,FALSE,FALSE,FALSE,FALSE,TRUE,2,321,304
z0045333,TRUE,FALSE,FALSE,FALSE,TRUE,FALSE,2,321,307
z0045337,TRUE,FALSE,FALSE,FALSE,TRUE,FALSE,2,321,310
z0051968,TRUE,FALSE,FALSE,FALSE,TRUE,FALSE,2,321,304
z0055931,TRUE,FALSE,TRUE,TRUE,FALSE,TRUE,4,321,313
z0055944,TRUE,FALSE,FALSE,FALSE,FALSE,TRUE,2,321,313
z0056059,TRUE,FALSE,FALSE,FALSE,FALSE,TRUE,2,321,299
z0056063,TRUE,FALSE,FALSE,FALSE,FALSE,FALSE,1,321,316
z0056076,TRUE,FALSE,FALSE,FALSE,FALSE,FALSE,1,321,313
z0195729,TRUE,FALSE,FALSE,FALSE,TRUE,FALSE,2,321,311
z0196740,FALSE,TRUE,FALSE,FALSE,FALSE,TRUE,2,321,292
z0196759,TRUE,FALSE,FALSE,FALSE,TRUE,FALSE,2,321,316
z0196773,TRUE,FALSE,FALSE,FALSE,TRUE,FALSE,2,321,311
z0197667,TRUE,FALSE,FALSE,FALSE,FALSE,FALSE,1,321,307
z0041115,TRUE,FALSE,FALSE,FALSE,FALSE,TRUE,2,320,308
z0045405,TRUE,FALSE,FALSE,TRUE,FALSE,TRUE,3,320,309
z0051899,TRUE,FALSE,FALSE,FALSE,TRUE,FALSE,2,320,306
z0053054,TRUE,FALSE,FALSE,FALSE,FALSE,TRUE,2,320,306
z0053844,TRUE,FALSE,FALSE,FALSE,TRUE,FALSE,2,320,296
z0055971,TRUE,FALSE,FALSE,FALSE,FALSE,TRUE,2,320,301
z0055977,TRUE,FALSE,FALSE,FALSE,FALSE,TRUE,2,320,306
z0196737,TRUE,FALSE,FALSE,FALSE,TRUE,FALSE,2,320,311
z0196750,TRUE,FALSE,FALSE,FALSE,TRUE,FALSE,2,320,305
z0045791,TRUE,FALSE,FALSE,FALSE,FALSE,FALSE,1,319,312
z0053040,FALSE,TRUE,FALSE,FALSE,FALSE,TRUE,2,319,308
z0053843,TRUE,FALSE,FALSE,FALSE,TRUE,FALSE,2,319,306
z0055990,TRUE,FALSE,FALSE,FALSE,FALSE,FALSE,1,319,305
z0056058,TRUE,FALSE,FALSE,FALSE,FALSE,FALSE,1,319,312
z0195701,FALSE,TRUE,FALSE,FALSE,FALSE,TRUE,2,319,298
z0195731,TRUE,FALSE,FALSE,FALSE,FALSE,TRUE,2,319,295
z0196795,TRUE,FALSE,FALSE,FALSE,TRUE,FALSE,2,319,308
z0197658,TRUE,FALSE,FALSE,FALSE,TRUE,FALSE,2,319,313
z0041480,TRUE,FALSE,FALSE,FALSE,FALSE,TRUE,2,318,294
z0051885,TRUE,FALSE,FALSE,FALSE,FALSE,TRUE,2,318,299
z0196711,TRUE,FALSE,FALSE,FALSE,FALSE,FALSE,1,318,307
z0196830,TRUE,FALSE,FALSE,FALSE,TRUE,FALSE,2,318,294
z0101084,TRUE,FALSE,FALSE,FALSE,TRUE,FALSE,2,317,301
z0040275,TRUE,FALSE,FALSE,FALSE,FALSE,TRUE,2,316,297
z0040961,TRUE,FALSE,FALSE,FALSE,FALSE,TRUE,2,316,287
z0041527,TRUE,FALSE,FALSE,FALSE,FALSE,TRUE,2,316,275
z0043504,TRUE,FALSE,FALSE,FALSE,FALSE,TRUE,2,316,302
z0051404,TRUE,FALSE,FALSE,FALSE,TRUE,FALSE,2,316,298
z0055912,TRUE,FALSE,FALSE,FALSE,FALSE,TRUE,2,316,304
z0075696,FALSE,TRUE,TRUE,TRUE,FALSE,TRUE,4,316,304
z0196721,TRUE,FALSE,FALSE,FALSE,TRUE,FALSE,2,316,294
z0053100,FALSE,TRUE,TRUE,TRUE,FALSE,TRUE,4,315,300
z0056103,TRUE,FALSE,FALSE,FALSE,FALSE,FALSE,1,315,301
z0056393,TRUE,FALSE,FALSE,FALSE,TRUE,FALSE,2,315,297
z0195718,TRUE,FALSE,FALSE,FALSE,FALSE,TRUE,2,315,282
z0196886,TRUE,FALSE,FALSE,FALSE,TRUE,FALSE,2,315,283
z0056011,TRUE,FALSE,FALSE,FALSE,FALSE,FALSE,1,314,300
z0174005,TRUE,FALSE,FALSE,FALSE,FALSE,TRUE,2,314,297
z0187819,TRUE,FALSE,FALSE,FALSE,FALSE,FALSE,1,314,302
z0195651,TRUE,FALSE,FALSE,FALSE,TRUE,TRUE,3,314,293
z0196770,TRUE,FALSE,FALSE,FALSE,TRUE,FALSE,2,314,297
z0041522,TRUE,FALSE,FALSE,FALSE,FALSE,TRUE,2,313,271
z0056386,TRUE,FALSE,FALSE,FALSE,TRUE,FALSE,2,313,299
z0195724,TRUE,FALSE,FALSE,FALSE,FALSE,TRUE,2,313,294
z0196691,TRUE,FALSE,FALSE,FALSE,FALSE,TRUE,2,313,297
z0196800,TRUE,FALSE,FALSE,FALSE,TRUE,FALSE,2,313,278
z0053102,FALSE,TRUE,FALSE,FALSE,FALSE,TRUE,2,312,295
z0195728,TRUE,FALSE,FALSE,FALSE,FALSE,TRUE,2,312,282
z0040513,TRUE,FALSE,TRUE,TRUE,FALSE,TRUE,4,311,269
z0012702,FALSE,TRUE,FALSE,FALSE,FALSE,TRUE,2,310,294
z0053083,FALSE,TRUE,FALSE,FALSE,FALSE,TRUE,2,310,285
z0056392,TRUE,FALSE,TRUE,TRUE,TRUE,FALSE,4,310,287
z0178348,TRUE,FALSE,FALSE,FALSE,TRUE,FALSE,2,310,285
z0043940,TRUE,FALSE,FALSE,FALSE,FALSE,TRUE,2,309,293
z0044019,TRUE,FALSE,FALSE,FALSE,FALSE,TRUE,2,309,278
z0055947,TRUE,FALSE,FALSE,FALSE,FALSE,FALSE,1,309,292
z0187906,TRUE,FALSE,FALSE,FALSE,TRUE,FALSE,2,309,292
z0196708,TRUE,FALSE,FALSE,FALSE,TRUE,FALSE,2,309,283
z0041465,TRUE,FALSE,FALSE,FALSE,FALSE,TRUE,2,308,276
z0044064,TRUE,FALSE,FALSE,FALSE,FALSE,TRUE,2,308,281
z0053090,FALSE,TRUE,FALSE,FALSE,FALSE,TRUE,2,308,289
z0029846,TRUE,FALSE,FALSE,FALSE,TRUE,FALSE,2,307,281
z0043491,TRUE,FALSE,FALSE,FALSE,FALSE,TRUE,2,307,284
z0044017,TRUE,FALSE,FALSE,FALSE,FALSE,TRUE,2,307,285
z0053024,FALSE,TRUE,FALSE,FALSE,FALSE,TRUE,2,307,282
z0056079,TRUE,FALSE,FALSE,FALSE,FALSE,FALSE,1,307,294
z0029865,TRUE,FALSE,FALSE,FALSE,FALSE,TRUE,2,306,281
z0041494,TRUE,FALSE,FALSE,FALSE,FALSE,TRUE,2,305,286
z0047562,FALSE,TRUE,FALSE,FALSE,FALSE,TRUE,2,305,279
z0196738,TRUE,FALSE,FALSE,FALSE,TRUE,FALSE,2,305,270
z0196804,TRUE,FALSE,FALSE,FALSE,TRUE,FALSE,2,305,276
z0196809,TRUE,FALSE,FALSE,FALSE,FALSE,TRUE,2,305,277
z0045342,TRUE,FALSE,FALSE,FALSE,TRUE,FALSE,2,304,283
z0051939,TRUE,FALSE,FALSE,FALSE,FALSE,FALSE,1,304,288
z0195667,TRUE,FALSE,FALSE,FALSE,TRUE,TRUE,3,304,282
z0043475,TRUE,FALSE,TRUE,TRUE,FALSE,TRUE,4,303,268
z0055970,TRUE,FALSE,FALSE,FALSE,FALSE,FALSE,1,303,274
z0196739,TRUE,FALSE,FALSE,FALSE,FALSE,TRUE,2,303,267
z0025439,TRUE,FALSE,FALSE,FALSE,FALSE,FALSE,1,302,288
z0067213,TRUE,FALSE,FALSE,FALSE,FALSE,FALSE,1,302,293
z0195726,FALSE,TRUE,FALSE,FALSE,TRUE,FALSE,2,302,269
z0040985,FALSE,TRUE,FALSE,FALSE,FALSE,TRUE,2,301,274
z0196792,TRUE,FALSE,FALSE,FALSE,TRUE,FALSE,2,301,282
z0029829,TRUE,FALSE,FALSE,FALSE,TRUE,FALSE,2,300,281
z0040403,TRUE,FALSE,FALSE,FALSE,FALSE,TRUE,2,300,277
z0197671,TRUE,FALSE,FALSE,FALSE,TRUE,FALSE,2,300,274
z0133302,TRUE,FALSE,TRUE,FALSE,TRUE,FALSE,3,299,267
z0196812,TRUE,FALSE,FALSE,FALSE,TRUE,FALSE,2,299,272
z0196845,TRUE,FALSE,FALSE,FALSE,TRUE,FALSE,2,299,275
z0197659,TRUE,FALSE,FALSE,FALSE,TRUE,FALSE,2,299,272
z0187868,TRUE,FALSE,FALSE,FALSE,TRUE,FALSE,2,298,268
z0041051,FALSE,TRUE,TRUE,FALSE,FALSE,TRUE,3,297,235
z0043915,TRUE,FALSE,FALSE,FALSE,FALSE,TRUE,2,297,217
z0055916,TRUE,FALSE,FALSE,FALSE,FALSE,TRUE,2,297,269
z0196892,TRUE,FALSE,FALSE,FALSE,TRUE,FALSE,2,297,264
z0195732,TRUE,FALSE,FALSE,FALSE,FALSE,TRUE,2,296,271
z0040363,FALSE,TRUE,FALSE,FALSE,TRUE,FALSE,2,295,258
z0043839,TRUE,FALSE,TRUE,TRUE,FALSE,TRUE,4,295,271
z0053758,TRUE,FALSE,FALSE,FALSE,TRUE,FALSE,2,295,268
z0012201,TRUE,FALSE,FALSE,FALSE,FALSE,FALSE,1,294,282
z0037624,TRUE,FALSE,FALSE,FALSE,TRUE,FALSE,2,294,259
z0195650,TRUE,FALSE,FALSE,FALSE,TRUE,TRUE,3,294,279
z0196715,TRUE,FALSE,FALSE,FALSE,FALSE,TRUE,2,294,248
z0196733,FALSE,TRUE,FALSE,FALSE,TRUE,FALSE,2,294,271
z0196724,TRUE,FALSE,FALSE,FALSE,FALSE,TRUE,2,292,259
z0196741,TRUE,FALSE,FALSE,FALSE,TRUE,FALSE,2,292,268
z0062886,TRUE,FALSE,FALSE,FALSE,FALSE,FALSE,1,291,276
z0055986,TRUE,FALSE,FALSE,FALSE,FALSE,FALSE,1,290,258
z0195740,TRUE,FALSE,FALSE,FALSE,FALSE,TRUE,2,290,230
z0196832,TRUE,FALSE,FALSE,FALSE,TRUE,FALSE,2,290,248
z0196841,TRUE,FALSE,FALSE,FALSE,FALSE,TRUE,2,290,258
z0196842,TRUE,FALSE,FALSE,FALSE,TRUE,FALSE,2,290,261
z0040465,TRUE,FALSE,FALSE,FALSE,FALSE,TRUE,2,289,258
z0053020,FALSE,TRUE,FALSE,FALSE,FALSE,TRUE,2,289,255
z0043877,TRUE,FALSE,FALSE,FALSE,FALSE,TRUE,2,288,217
z0043891,TRUE,FALSE,FALSE,FALSE,FALSE,TRUE,2,287,255
z0056056,TRUE,FALSE,FALSE,FALSE,FALSE,TRUE,2,287,240
z0016578,TRUE,FALSE,FALSE,FALSE,TRUE,FALSE,2,286,259
z0032258,TRUE,FALSE,FALSE,FALSE,FALSE,FALSE,1,286,270
z0051431,FALSE,TRUE,FALSE,FALSE,FALSE,TRUE,2,286,249
z0055963,TRUE,FALSE,FALSE,FALSE,FALSE,FALSE,1,286,256
z0197668,TRUE,FALSE,FALSE,FALSE,FALSE,TRUE,2,285,260
z0037609,TRUE,FALSE,TRUE,FALSE,FALSE,TRUE,3,284,243
z0196843,FALSE,TRUE,FALSE,FALSE,FALSE,TRUE,2,284,236
z0044047,TRUE,FALSE,FALSE,FALSE,FALSE,TRUE,2,283,242
z0045401,TRUE,FALSE,FALSE,TRUE,TRUE,FALSE,3,283,240
z0195687,TRUE,FALSE,FALSE,FALSE,FALSE,TRUE,2,282,254
z0197663,TRUE,FALSE,FALSE,FALSE,FALSE,TRUE,2,282,274
z0195677,TRUE,FALSE,FALSE,FALSE,TRUE,TRUE,3,281,258
z0196895,TRUE,FALSE,FALSE,FALSE,TRUE,FALSE,2,281,263
z0017317,TRUE,FALSE,FALSE,FALSE,FALSE,FALSE,1,280,262
z0196723,TRUE,FALSE,FALSE,FALSE,TRUE,FALSE,2,280,237
z0196834,FALSE,TRUE,FALSE,FALSE,FALSE,TRUE,2,280,236
z0196844,TRUE,FALSE,FALSE,FALSE,TRUE,FALSE,2,279,247
z0196850,TRUE,FALSE,FALSE,FALSE,TRUE,FALSE,2,278,248
z0196806,TRUE,FALSE,FALSE,FALSE,TRUE,FALSE,2,277,226
z0045792,TRUE,FALSE,FALSE,FALSE,TRUE,FALSE,2,276,252
z0041153,TRUE,FALSE,FALSE,FALSE,FALSE,TRUE,2,275,249
z0195782,TRUE,FALSE,FALSE,FALSE,TRUE,FALSE,2,275,222
z0030424,TRUE,FALSE,FALSE,FALSE,FALSE,FALSE,1,274,247
z0030475,TRUE,FALSE,FALSE,FALSE,FALSE,FALSE,1,274,254
z0196829,TRUE,FALSE,FALSE,FALSE,FALSE,TRUE,2,274,236
z0197682,TRUE,FALSE,TRUE,TRUE,TRUE,FALSE,4,274,226
z0053096,FALSE,TRUE,FALSE,FALSE,FALSE,TRUE,2,273,232
z0053138,FALSE,TRUE,FALSE,FALSE,FALSE,TRUE,2,273,224
z0196847,TRUE,FALSE,FALSE,FALSE,TRUE,FALSE,2,272,231
z0041519,TRUE,FALSE,FALSE,FALSE,FALSE,TRUE,2,271,244
z0043693,TRUE,FALSE,FALSE,FALSE,FALSE,TRUE,2,271,248
z0011162,TRUE,FALSE,FALSE,FALSE,FALSE,FALSE,1,270,248
z0051380,TRUE,FALSE,FALSE,FALSE,TRUE,FALSE,2,270,232
z0055965,TRUE,FALSE,FALSE,FALSE,FALSE,FALSE,1,269,240
z0195791,TRUE,FALSE,FALSE,FALSE,TRUE,FALSE,2,269,242
z0041243,TRUE,FALSE,FALSE,FALSE,FALSE,TRUE,2,268,226
z0051326,TRUE,FALSE,FALSE,FALSE,TRUE,FALSE,2,268,223
z0053842,TRUE,FALSE,FALSE,FALSE,TRUE,FALSE,2,268,216
z0044432,TRUE,FALSE,TRUE,FALSE,FALSE,TRUE,3,267,215
z0196811,TRUE,FALSE,FALSE,FALSE,TRUE,FALSE,2,266,233
z0187857,TRUE,FALSE,TRUE,TRUE,TRUE,FALSE,4,265,223
z0195258,TRUE,FALSE,FALSE,FALSE,TRUE,TRUE,3,265,242
z0051844,TRUE,FALSE,FALSE,FALSE,FALSE,FALSE,1,263,236
z0016577,TRUE,FALSE,FALSE,FALSE,FALSE,TRUE,2,262,223
z0195668,TRUE,FALSE,FALSE,FALSE,TRUE,TRUE,3,262,240
z0195773,TRUE,FALSE,FALSE,FALSE,TRUE,FALSE,2,262,224
z0195784,FALSE,TRUE,FALSE,FALSE,FALSE,TRUE,2,262,201
z0196828,FALSE,TRUE,FALSE,FALSE,FALSE,TRUE,2,262,211
z0196887,TRUE,FALSE,TRUE,TRUE,TRUE,FALSE,4,262,219
z0051840,FALSE,TRUE,FALSE,FALSE,FALSE,FALSE,1,261,213
z0045398,TRUE,FALSE,FALSE,FALSE,FALSE,TRUE,2,260,223
z0196894,TRUE,FALSE,FALSE,FALSE,FALSE,TRUE,2,259,245
z0043994,TRUE,FALSE,FALSE,FALSE,FALSE,TRUE,2,258,214
z0041250,TRUE,FALSE,FALSE,FALSE,FALSE,TRUE,2,257,216
z0051895,TRUE,FALSE,FALSE,FALSE,FALSE,TRUE,2,257,188
z0195736,TRUE,FALSE,FALSE,FALSE,TRUE,FALSE,2,257,227
z0051918,TRUE,FALSE,FALSE,FALSE,FALSE,TRUE,2,256,199
z0043650,TRUE,FALSE,FALSE,FALSE,FALSE,TRUE,2,254,195
z0053101,FALSE,TRUE,FALSE,FALSE,FALSE,TRUE,2,254,198
z0108513,TRUE,FALSE,FALSE,FALSE,TRUE,FALSE,2,254,222
z0043489,TRUE,FALSE,FALSE,FALSE,FALSE,TRUE,2,253,129
z0196851,TRUE,FALSE,FALSE,FALSE,TRUE,FALSE,2,253,210
z0029863,TRUE,FALSE,FALSE,FALSE,TRUE,FALSE,2,252,206
z0043278,TRUE,FALSE,FALSE,FALSE,FALSE,TRUE,2,252,125
z0196891,TRUE,FALSE,FALSE,FALSE,TRUE,FALSE,2,251,211
z0195673,TRUE,FALSE,FALSE,FALSE,TRUE,TRUE,3,249,220
z0196838,FALSE,TRUE,FALSE,FALSE,TRUE,FALSE,2,249,203
z0195755,TRUE,FALSE,FALSE,FALSE,TRUE,FALSE,2,248,211
z0197664,TRUE,FALSE,FALSE,FALSE,TRUE,FALSE,2,248,213
z0055910,TRUE,FALSE,FALSE,FALSE,FALSE,FALSE,1,246,212
z0195705,TRUE,FALSE,FALSE,FALSE,FALSE,TRUE,2,246,171
z0195777,TRUE,FALSE,TRUE,TRUE,TRUE,FALSE,4,245,186
z0044023,TRUE,FALSE,FALSE,FALSE,FALSE,TRUE,2,244,207
z0043494,TRUE,FALSE,FALSE,FALSE,FALSE,TRUE,2,242,137
z0042288,TRUE,FALSE,FALSE,FALSE,FALSE,FALSE,1,240,204
z0043674,TRUE,FALSE,FALSE,FALSE,FALSE,TRUE,2,239,179
z0195643,TRUE,FALSE,FALSE,FALSE,TRUE,TRUE,3,238,212
z0195659,TRUE,FALSE,FALSE,FALSE,TRUE,TRUE,3,238,211
z0196839,TRUE,FALSE,FALSE,FALSE,TRUE,FALSE,2,238,169
z0044033,TRUE,FALSE,FALSE,FALSE,FALSE,TRUE,2,237,172
z0056034,FALSE,TRUE,FALSE,FALSE,FALSE,TRUE,2,237,147
z0005758,TRUE,FALSE,FALSE,FALSE,FALSE,TRUE,2,236,186
z0061969,TRUE,FALSE,FALSE,FALSE,FALSE,TRUE,2,236,181
z0195657,TRUE,FALSE,FALSE,FALSE,TRUE,TRUE,3,235,211
z0056073,TRUE,FALSE,FALSE,FALSE,FALSE,TRUE,2,234,174
z0056389,FALSE,TRUE,FALSE,FALSE,TRUE,FALSE,2,233,174
z0175927,TRUE,FALSE,FALSE,FALSE,TRUE,FALSE,2,231,201
z0196810,FALSE,TRUE,FALSE,FALSE,TRUE,FALSE,2,230,160
z0040413,TRUE,FALSE,FALSE,FALSE,FALSE,FALSE,1,227,186
z0056064,TRUE,FALSE,FALSE,FALSE,FALSE,TRUE,2,227,118
z0056065,TRUE,FALSE,FALSE,FALSE,FALSE,TRUE,2,227,110
z0187859,TRUE,FALSE,FALSE,FALSE,TRUE,FALSE,2,224,166
z0029860,TRUE,FALSE,FALSE,FALSE,FALSE,TRUE,2,223,172
z0043496,FALSE,TRUE,FALSE,FALSE,FALSE,TRUE,2,223,139
z0053757,TRUE,FALSE,FALSE,FALSE,TRUE,FALSE,2,222,119
z0196846,TRUE,FALSE,FALSE,FALSE,TRUE,FALSE,2,222,157
z0051875,TRUE,FALSE,FALSE,FALSE,FALSE,TRUE,2,219,97
z0175916,TRUE,FALSE,FALSE,FALSE,TRUE,FALSE,2,216,161
z0056374,TRUE,FALSE,FALSE,FALSE,TRUE,FALSE,2,215,146
z0145401,TRUE,FALSE,FALSE,FALSE,FALSE,FALSE,1,215,170
z0029828,TRUE,FALSE,FALSE,FALSE,FALSE,TRUE,2,212,126
z0053846,FALSE,TRUE,FALSE,FALSE,TRUE,FALSE,2,212,161
z0195683,FALSE,TRUE,FALSE,FALSE,FALSE,TRUE,2,212,153
z0195688,FALSE,TRUE,FALSE,FALSE,FALSE,TRUE,2,212,151
z0040308,TRUE,FALSE,FALSE,FALSE,FALSE,TRUE,2,208,153
z0195762,FALSE,TRUE,FALSE,FALSE,FALSE,TRUE,2,208,124
z0043566,TRUE,FALSE,FALSE,FALSE,FALSE,TRUE,2,206,163
z0175378,TRUE,FALSE,FALSE,FALSE,FALSE,TRUE,2,203,161
z0195647,TRUE,FALSE,FALSE,FALSE,TRUE,TRUE,3,203,167
z0056337,TRUE,FALSE,FALSE,FALSE,FALSE,FALSE,1,202,163
z0175915,TRUE,FALSE,FALSE,FALSE,TRUE,FALSE,2,202,132
z0195778,TRUE,FALSE,FALSE,FALSE,TRUE,FALSE,2,201,129
z0041274,TRUE,FALSE,FALSE,FALSE,FALSE,TRUE,2,198,138
z0195682,TRUE,FALSE,FALSE,FALSE,TRUE,TRUE,3,197,157
z0056069,TRUE,FALSE,FALSE,FALSE,FALSE,TRUE,2,196,142
z0195767,FALSE,TRUE,FALSE,FALSE,FALSE,TRUE,2,196,125
z0195663,FALSE,TRUE,FALSE,FALSE,FALSE,TRUE,2,194,105
z0053133,FALSE,TRUE,FALSE,FALSE,FALSE,TRUE,2,192,118
z0055909,TRUE,FALSE,FALSE,FALSE,FALSE,FALSE,1,192,125
z0195693,TRUE,FALSE,FALSE,FALSE,TRUE,FALSE,2,192,144
z0063273,FALSE,TRUE,FALSE,FALSE,FALSE,FALSE,1,191,119
z0197660,TRUE,FALSE,FALSE,FALSE,TRUE,FALSE,2,191,152
z0053760,FALSE,TRUE,FALSE,FALSE,TRUE,FALSE,2,189,114
z0196805,TRUE,FALSE,FALSE,FALSE,TRUE,FALSE,2,187,113
z0041248,TRUE,FALSE,FALSE,FALSE,FALSE,TRUE,2,186,58
z0005757,TRUE,FALSE,FALSE,FALSE,FALSE,TRUE,2,185,135
z0187911,FALSE,TRUE,FALSE,FALSE,TRUE,FALSE,2,185,105
z0040387,TRUE,FALSE,FALSE,FALSE,FALSE,TRUE,2,184,126
z0100814,TRUE,FALSE,FALSE,FALSE,FALSE,FALSE,1,184,141
z0043819,TRUE,FALSE,FALSE,FALSE,FALSE,TRUE,2,183,126
z0051929,TRUE,FALSE,FALSE,FALSE,TRUE,FALSE,2,183,111
z0066805,FALSE,TRUE,FALSE,FALSE,TRUE,FALSE,2,183,104
z0195655,FALSE,TRUE,FALSE,FALSE,FALSE,TRUE,2,182,105
z0043668,TRUE,FALSE,FALSE,FALSE,FALSE,TRUE,2,181,122
z0053025,FALSE,TRUE,FALSE,FALSE,FALSE,TRUE,2,181,106
z0195675,TRUE,FALSE,FALSE,FALSE,TRUE,TRUE,3,178,131
z0043498,TRUE,FALSE,TRUE,FALSE,FALSE,TRUE,3,169,91
z0043243,TRUE,FALSE,FALSE,FALSE,FALSE,TRUE,2,165,30
z0045347,TRUE,FALSE,FALSE,FALSE,FALSE,TRUE,2,157,105
z0055957,TRUE,FALSE,FALSE,FALSE,FALSE,FALSE,1,155,82
z0063328,FALSE,TRUE,FALSE,FALSE,FALSE,FALSE,1,155,63
z0195689,TRUE,FALSE,FALSE,FALSE,TRUE,FALSE,2,154,47
z0195648,TRUE,FALSE,FALSE,FALSE,TRUE,TRUE,3,144,95
z0195653,TRUE,FALSE,FALSE,FALSE,TRUE,TRUE,3,144,82
z0107078,TRUE,FALSE,FALSE,FALSE,TRUE,FALSE,2,143,30
z0037611,TRUE,FALSE,FALSE,FALSE,TRUE,FALSE,2,139,38
z0063275,FALSE,TRUE,FALSE,FALSE,FALSE,FALSE,1,139,63
z0063269,FALSE,TRUE,FALSE,FALSE,FALSE,FALSE,1,138,55
z0055948,TRUE,FALSE,FALSE,FALSE,FALSE,FALSE,1,135,55
z0195671,TRUE,FALSE,FALSE,FALSE,TRUE,TRUE,3,135,102
z0195770,TRUE,FALSE,FALSE,FALSE,TRUE,FALSE,2,133,72
z0043599,TRUE,FALSE,FALSE,FALSE,FALSE,TRUE,2,131,12
z0195678,TRUE,FALSE,FALSE,FALSE,TRUE,TRUE,3,129,78
z0009880,TRUE,FALSE,FALSE,FALSE,FALSE,FALSE,1,128,83
z0055936,TRUE,FALSE,FALSE,FALSE,FALSE,FALSE,1,126,72
z0195674,TRUE,FALSE,FALSE,FALSE,TRUE,TRUE,3,125,57
z0195776,TRUE,FALSE,TRUE,TRUE,TRUE,FALSE,4,125,53
z0053149,FALSE,TRUE,FALSE,FALSE,FALSE,TRUE,2,120,38
z0195665,TRUE,FALSE,FALSE,FALSE,TRUE,TRUE,3,118,70
z0195670,TRUE,FALSE,FALSE,FALSE,TRUE,TRUE,3,117,69
z0195664,TRUE,FALSE,FALSE,FALSE,TRUE,TRUE,3,113,72
z0195756,TRUE,FALSE,FALSE,FALSE,TRUE,FALSE,2,110,31
z0041521,TRUE,FALSE,FALSE,FALSE,FALSE,FALSE,1,108,53
z0195684,TRUE,FALSE,FALSE,FALSE,TRUE,TRUE,3,108,60
z0045407,TRUE,FALSE,FALSE,FALSE,FALSE,TRUE,2,107,23
z0056089,TRUE,FALSE,FALSE,FALSE,FALSE,TRUE,2,105,18
z0195751,TRUE,FALSE,FALSE,FALSE,FALSE,TRUE,2,103,56
z0043627,TRUE,FALSE,FALSE,FALSE,FALSE,TRUE,2,102,25
z0195691,FALSE,TRUE,FALSE,FALSE,FALSE,TRUE,2,102,18
z0053055,TRUE,FALSE,FALSE,FALSE,TRUE,FALSE,2,100,45
z0040957,TRUE,FALSE,FALSE,FALSE,FALSE,FALSE,1,87,39
z0056082,TRUE,FALSE,FALSE,FALSE,FALSE,FALSE,1,72,10
z0063342,FALSE,TRUE,FALSE,FALSE,FALSE,FALSE,1,68,19
z0051816,TRUE,FALSE,FALSE,FALSE,FALSE,FALSE,1,62,21
z0055932,TRUE,FALSE,FALSE,FALSE,FALSE,FALSE,1,16,1
z0063304,TRUE,FALSE,FALSE,FALSE,FALSE,FALSE,1,3,1
z0056081,TRUE,FALSE,FALSE,FALSE,FALSE,FALSE,1,2,1
z0043464,TRUE,FALSE,FALSE,FALSE,FALSE,FALSE,1,1,NA
z0043765,FALSE,TRUE,FALSE,FALSE,FALSE,FALSE,1,1,NA
z0047587,FALSE,FALSE,FALSE,FALSE,FALSE,TRUE,1,1,1
z0056010,TRUE,FALSE,FALSE,FALSE,FALSE,FALSE,1,1,NA
z0056083,TRUE,FALSE,FALSE,FALSE,FALSE,FALSE,1,1,NA
z0056090,TRUE,FALSE,FALSE,FALSE,FALSE,FALSE,1,1,1
z0056102,TRUE,FALSE,FALSE,FALSE,FALSE,FALSE,1,1,1
z0056106,TRUE,FALSE,FALSE,FALSE,FALSE,FALSE,1,1,1
z0056111,TRUE,FALSE,FALSE,FALSE,FALSE,FALSE,1,1,1
z0160234,TRUE,FALSE,FALSE,FALSE,FALSE,FALSE,1,1,1
z0007446,TRUE,FALSE,FALSE,FALSE,FALSE,FALSE,1,0,0
z0044056,TRUE,FALSE,FALSE,FALSE,FALSE,FALSE,1,0,0
z0044074,TRUE,FALSE,FALSE,FALSE,FALSE,FALSE,1,0,0
z0045317,TRUE,FALSE,FALSE,FALSE,FALSE,FALSE,1,0,0
z0045710,TRUE,FALSE,FALSE,FALSE,FALSE,FALSE,1,0,0
z0046923,TRUE,FALSE,FALSE,FALSE,FALSE,FALSE,1,0,0
z0046927,TRUE,FALSE,FALSE,FALSE,FALSE,FALSE,1,0,0
z0046929,TRUE,FALSE,FALSE,FALSE,FALSE,FALSE,1,0,0
z0046934,TRUE,FALSE,FALSE,FALSE,FALSE,FALSE,1,0,0
z0053021,TRUE,FALSE,FALSE,FALSE,FALSE,FALSE,1,0,0
z0053097,TRUE,FALSE,FALSE,FALSE,FALSE,FALSE,1,0,0
z0055884,TRUE,FALSE,FALSE,FALSE,FALSE,FALSE,1,0,0
z0055895,TRUE,FALSE,FALSE,FALSE,FALSE,FALSE,1,0,0
z0055896,TRUE,FALSE,FALSE,FALSE,FALSE,FALSE,1,0,0
z0055915,TRUE,FALSE,FALSE,FALSE,FALSE,FALSE,1,0,0
z0055928,TRUE,FALSE,FALSE,FALSE,FALSE,FALSE,1,0,0
z0055959,TRUE,FALSE,FALSE,FALSE,FALSE,FALSE,1,0,0
z0056001,TRUE,FALSE,FALSE,FALSE,FALSE,FALSE,1,0,0
z0056012,TRUE,FALSE,FALSE,FALSE,FALSE,FALSE,1,0,0
z0056044,TRUE,FALSE,FALSE,FALSE,FALSE,FALSE,1,0,0
z0056066,TRUE,FALSE,FALSE,FALSE,FALSE,FALSE,1,0,0
z0056072,TRUE,FALSE,FALSE,FALSE,FALSE,FALSE,1,0,0
z0056074,TRUE,FALSE,FALSE,FALSE,FALSE,FALSE,1,0,0
z0056104,TRUE,FALSE,FALSE,FALSE,FALSE,FALSE,1,0,0
z0056110,TRUE,FALSE,FALSE,FALSE,FALSE,FALSE,1,0,0
z0061971,TRUE,FALSE,FALSE,FALSE,FALSE,FALSE,1,0,0
z0101101,TRUE,FALSE,FALSE,FALSE,FALSE,FALSE,1,0,0
z0108473,TRUE,FALSE,FALSE,FALSE,FALSE,FALSE,1,0,0
z0113620,TRUE,FALSE,FALSE,FALSE,FALSE,FALSE,1,0,0
z0117063,TRUE,FALSE,FALSE,FALSE,FALSE,FALSE,1,0,0
z0143977,TRUE,FALSE,FALSE,FALSE,FALSE,FALSE,1,0,0
z0145207,TRUE,FALSE,FALSE,FALSE,FALSE,FALSE,1,0,0
z0146094,TRUE,FALSE,FALSE,FALSE,FALSE,FALSE,1,0,0
z0175364,TRUE,FALSE,FALSE,FALSE,FALSE,FALSE,1,0,0
z0175381,TRUE,FALSE,FALSE,FALSE,FALSE,FALSE,1,0,0
z0175930,TRUE,FALSE,FALSE,FALSE,FALSE,FALSE,1,0,0
z0187837,TRUE,FALSE,FALSE,FALSE,FALSE,FALSE,1,0,0
z0195734,TRUE,FALSE,FALSE,FALSE,FALSE,FALSE,1,0,0
z0197666,TRUE,FALSE,FALSE,FALSE,FALSE,FALSE,1,0,0
z0029831,TRUE,FALSE,FALSE,FALSE,TRUE,FALSE,2,98,7
z0195772,TRUE,FALSE,FALSE,FALSE,TRUE,FALSE,2,87,15
z0195771,TRUE,FALSE,FALSE,FALSE,TRUE,FALSE,2,80,20
z0043488,TRUE,FALSE,FALSE,FALSE,FALSE,TRUE,2,79,12
z0051959,TRUE,FALSE,FALSE,FALSE,FALSE,TRUE,2,74,14
z0053082,FALSE,TRUE,FALSE,FALSE,FALSE,TRUE,2,73,17
z0043513,TRUE,FALSE,FALSE,FALSE,FALSE,TRUE,2,71,14
z0043487,TRUE,FALSE,FALSE,FALSE,FALSE,TRUE,2,70,6
z0051328,TRUE,FALSE,FALSE,FALSE,TRUE,FALSE,2,67,11
z0195695,TRUE,FALSE,FALSE,FALSE,TRUE,FALSE,2,66,20
z0053845,TRUE,FALSE,FALSE,FALSE,TRUE,FALSE,2,50,2
z0195783,TRUE,FALSE,FALSE,FALSE,FALSE,TRUE,2,50,6
z0175912,TRUE,FALSE,FALSE,FALSE,TRUE,FALSE,2,49,NA
z0044059,TRUE,FALSE,FALSE,FALSE,FALSE,TRUE,2,46,6
z0043686,TRUE,FALSE,FALSE,FALSE,FALSE,TRUE,2,39,7
z0196840,TRUE,FALSE,FALSE,FALSE,TRUE,FALSE,2,37,12
z0040960,TRUE,FALSE,FALSE,FALSE,FALSE,TRUE,2,36,1
z0043704,TRUE,FALSE,FALSE,FALSE,FALSE,TRUE,2,30,2
z0195781,TRUE,FALSE,FALSE,FALSE,TRUE,FALSE,2,30,5
z0195749,TRUE,FALSE,FALSE,FALSE,FALSE,TRUE,2,29,7
z0051405,TRUE,FALSE,FALSE,FALSE,TRUE,FALSE,2,28,1
z0108510,TRUE,FALSE,FALSE,FALSE,TRUE,FALSE,2,28,1
z0041145,TRUE,FALSE,FALSE,FALSE,FALSE,TRUE,2,25,3
z0195759,TRUE,FALSE,FALSE,FALSE,TRUE,FALSE,2,24,2
z0055908,TRUE,FALSE,FALSE,FALSE,FALSE,TRUE,2,23,1
z0061527,TRUE,FALSE,FALSE,FALSE,FALSE,TRUE,2,22,5
z0196889,TRUE,FALSE,FALSE,FALSE,TRUE,FALSE,2,22,3
z0029861,TRUE,FALSE,FALSE,FALSE,FALSE,TRUE,2,21,5
z0037610,TRUE,FALSE,FALSE,FALSE,FALSE,TRUE,2,21,1
z0195764,TRUE,FALSE,FALSE,FALSE,FALSE,TRUE,2,20,3
z0196890,TRUE,FALSE,FALSE,FALSE,FALSE,TRUE,2,18,3
z0195786,TRUE,FALSE,FALSE,FALSE,TRUE,FALSE,2,17,3
z0113619,TRUE,FALSE,FALSE,FALSE,FALSE,TRUE,2,16,4
z0187811,TRUE,FALSE,FALSE,FALSE,TRUE,FALSE,2,16,3
z0053756,TRUE,FALSE,FALSE,FALSE,TRUE,FALSE,2,15,3
z0108494,TRUE,FALSE,FALSE,FALSE,FALSE,TRUE,2,15,1
z0041072,TRUE,FALSE,FALSE,FALSE,FALSE,TRUE,2,13,2
z0196888,TRUE,FALSE,FALSE,FALSE,TRUE,FALSE,2,13,1
z0047603,TRUE,FALSE,FALSE,FALSE,FALSE,TRUE,2,11,1
z0195780,TRUE,FALSE,FALSE,FALSE,TRUE,FALSE,2,11,2
z0195787,TRUE,FALSE,FALSE,FALSE,TRUE,FALSE,2,11,1
z0195721,TRUE,FALSE,FALSE,FALSE,TRUE,FALSE,2,10,1
z0051906,TRUE,FALSE,FALSE,FALSE,FALSE,TRUE,2,9,1
z0043898,TRUE,FALSE,FALSE,FALSE,FALSE,TRUE,2,8,1
z0051966,TRUE,FALSE,FALSE,FALSE,FALSE,TRUE,2,6,NA
z0025405,TRUE,FALSE,FALSE,FALSE,FALSE,TRUE,2,5,1
z0029866,TRUE,FALSE,FALSE,FALSE,FALSE,TRUE,2,5,1
z0043789,TRUE,FALSE,FALSE,FALSE,FALSE,TRUE,2,4,NA
z0043904,TRUE,FALSE,FALSE,FALSE,FALSE,TRUE,2,4,1
z0061978,TRUE,FALSE,FALSE,FALSE,FALSE,TRUE,2,4,1
z0113628,TRUE,FALSE,FALSE,FALSE,FALSE,TRUE,2,4,1
z0044044,TRUE,FALSE,FALSE,FALSE,FALSE,TRUE,2,3,1
z0056380,TRUE,FALSE,FALSE,FALSE,TRUE,FALSE,2,3,1
z0195769,TRUE,FALSE,FALSE,FALSE,TRUE,FALSE,2,3,1
z0045344,TRUE,FALSE,FALSE,FALSE,FALSE,TRUE,2,2,NA
z0051399,TRUE,FALSE,FALSE,FALSE,FALSE,TRUE,2,2,1
z0055945,TRUE,FALSE,FALSE,FALSE,FALSE,TRUE,2,2,NA
z0061976,TRUE,FALSE,FALSE,FALSE,TRUE,FALSE,2,2,NA
z0178294,TRUE,FALSE,FALSE,FALSE,TRUE,FALSE,2,2,1
z0195642,TRUE,FALSE,FALSE,FALSE,FALSE,TRUE,2,2,1
z0195754,TRUE,FALSE,FALSE,FALSE,FALSE,TRUE,2,2,1
z0040451,TRUE,FALSE,FALSE,FALSE,FALSE,TRUE,2,1,1
z0041526,TRUE,FALSE,FALSE,FALSE,FALSE,TRUE,2,1,1
z0043631,TRUE,FALSE,FALSE,FALSE,FALSE,TRUE,2,1,NA
z0043747,TRUE,FALSE,FALSE,FALSE,FALSE,TRUE,2,1,NA
z0043934,TRUE,FALSE,FALSE,FALSE,FALSE,TRUE,2,1,NA
z0047601,TRUE,FALSE,FALSE,FALSE,FALSE,TRUE,2,1,NA
z0051447,TRUE,FALSE,FALSE,FALSE,FALSE,TRUE,2,1,1
z0051932,TRUE,FALSE,FALSE,FALSE,FALSE,TRUE,2,1,NA
z0051945,TRUE,FALSE,FALSE,FALSE,TRUE,FALSE,2,1,1
z0056093,TRUE,FALSE,FALSE,FALSE,FALSE,TRUE,2,1,1
z0056396,TRUE,FALSE,FALSE,FALSE,TRUE,FALSE,2,1,NA
z0108516,TRUE,FALSE,FALSE,FALSE,FALSE,TRUE,2,1,1
z0175351,TRUE,FALSE,FALSE,FALSE,FALSE,TRUE,2,1,1
z0195658,TRUE,FALSE,FALSE,FALSE,FALSE,TRUE,2,1,NA
z0195686,TRUE,FALSE,FALSE,FALSE,TRUE,FALSE,2,1,NA
z0195690,TRUE,FALSE,FALSE,FALSE,TRUE,FALSE,2,1,1
z0195694,TRUE,FALSE,FALSE,FALSE,FALSE,TRUE,2,1,1
z0195750,TRUE,FALSE,FALSE,FALSE,TRUE,FALSE,2,1,NA
z0195757,TRUE,FALSE,FALSE,FALSE,TRUE,FALSE,2,1,1
z0195763,TRUE,FALSE,FALSE,FALSE,TRUE,FALSE,2,1,1
z0195766,TRUE,FALSE,FALSE,FALSE,TRUE,FALSE,2,1,1
z0195775,TRUE,FALSE,FALSE,FALSE,TRUE,FALSE,2,1,1
z0195779,TRUE,FALSE,FALSE,FALSE,TRUE,FALSE,2,1,1
z0029867,TRUE,FALSE,FALSE,FALSE,TRUE,FALSE,2,0,0
z0040377,TRUE,FALSE,FALSE,FALSE,FALSE,TRUE,2,0,0
z0041174,TRUE,FALSE,FALSE,FALSE,FALSE,TRUE,2,0,0
z0041514,TRUE,FALSE,FALSE,FALSE,FALSE,TRUE,2,0,0
z0043267,TRUE,FALSE,FALSE,FALSE,FALSE,TRUE,2,0,0
z0043468,TRUE,FALSE,FALSE,FALSE,FALSE,TRUE,2,0,0
z0043640,TRUE,FALSE,FALSE,FALSE,FALSE,TRUE,2,0,0
z0043666,TRUE,FALSE,FALSE,FALSE,FALSE,TRUE,2,0,0
z0043678,TRUE,FALSE,FALSE,FALSE,FALSE,TRUE,2,0,0
z0043684,TRUE,FALSE,FALSE,FALSE,FALSE,TRUE,2,0,0
z0043716,TRUE,FALSE,FALSE,FALSE,FALSE,TRUE,2,0,0
z0043724,TRUE,FALSE,FALSE,FALSE,FALSE,TRUE,2,0,0
z0043905,TRUE,FALSE,FALSE,FALSE,FALSE,TRUE,2,0,0
z0046925,TRUE,FALSE,FALSE,FALSE,FALSE,TRUE,2,0,0
z0047602,TRUE,FALSE,FALSE,FALSE,FALSE,TRUE,2,0,0
z0047613,TRUE,FALSE,FALSE,FALSE,FALSE,TRUE,2,0,0
z0051381,TRUE,FALSE,FALSE,FALSE,FALSE,TRUE,2,0,0
z0051428,TRUE,FALSE,FALSE,FALSE,FALSE,TRUE,2,0,0
z0051879,TRUE,FALSE,FALSE,FALSE,TRUE,FALSE,2,0,0
z0053038,TRUE,FALSE,FALSE,FALSE,FALSE,TRUE,2,0,0
z0056020,TRUE,FALSE,FALSE,FALSE,FALSE,TRUE,2,0,0
z0056052,TRUE,FALSE,FALSE,FALSE,FALSE,TRUE,2,0,0
z0056070,TRUE,FALSE,FALSE,FALSE,FALSE,TRUE,2,0,0
z0056100,TRUE,FALSE,FALSE,FALSE,FALSE,TRUE,2,0,0
z0061973,TRUE,FALSE,FALSE,FALSE,TRUE,FALSE,2,0,0
z0061982,TRUE,FALSE,FALSE,FALSE,FALSE,TRUE,2,0,0
z0068566,TRUE,FALSE,FALSE,FALSE,FALSE,TRUE,2,0,0
z0075691,TRUE,FALSE,FALSE,FALSE,FALSE,TRUE,2,0,0
z0101085,TRUE,FALSE,FALSE,FALSE,TRUE,FALSE,2,0,0
z0113607,TRUE,FALSE,FALSE,FALSE,FALSE,TRUE,2,0,0
z0146081,TRUE,FALSE,FALSE,FALSE,FALSE,TRUE,2,0,0
z0146087,TRUE,FALSE,FALSE,FALSE,FALSE,TRUE,2,0,0
z0175354,TRUE,FALSE,FALSE,FALSE,FALSE,TRUE,2,0,0
z0175914,TRUE,FALSE,FALSE,FALSE,FALSE,TRUE,2,0,0
z0178305,TRUE,FALSE,FALSE,FALSE,TRUE,FALSE,2,0,0
z0195649,FALSE,TRUE,FALSE,FALSE,FALSE,TRUE,2,0,0
z0195652,FALSE,TRUE,FALSE,FALSE,FALSE,TRUE,2,0,0
z0195660,TRUE,FALSE,FALSE,FALSE,FALSE,TRUE,2,0,0
z0195661,TRUE,FALSE,FALSE,FALSE,FALSE,TRUE,2,0,0
z0195685,TRUE,FALSE,FALSE,FALSE,TRUE,FALSE,2,0,0
z0195753,TRUE,FALSE,FALSE,FALSE,FALSE,TRUE,2,0,0
z0195758,TRUE,FALSE,FALSE,FALSE,TRUE,FALSE,2,0,0
z0195760,TRUE,FALSE,FALSE,FALSE,FALSE,TRUE,2,0,0
z0195761,TRUE,FALSE,FALSE,FALSE,TRUE,FALSE,2,0,0
z0207765,TRUE,FALSE,FALSE,FALSE,FALSE,TRUE,2,0,0
z0207776,TRUE,FALSE,FALSE,FALSE,FALSE,TRUE,2,0,0
z0207777,TRUE,FALSE,FALSE,FALSE,FALSE,TRUE,2,0,0
z0207778,TRUE,FALSE,FALSE,FALSE,FALSE,TRUE,2,0,0
z0195672,TRUE,FALSE,FALSE,FALSE,TRUE,TRUE,3,95,44
z0195669,TRUE,FALSE,FALSE,FALSE,TRUE,TRUE,3,55,26
z0195681,TRUE,FALSE,FALSE,FALSE,TRUE,TRUE,3,51,19
z0195662,TRUE,FALSE,FALSE,FALSE,TRUE,TRUE,3,49,11
z0195680,TRUE,FALSE,FALSE,FALSE,TRUE,TRUE,3,41,13
z0195679,TRUE,FALSE,FALSE,FALSE,TRUE,TRUE,3,33,12
z0195646,TRUE,FALSE,FALSE,FALSE,TRUE,TRUE,3,16,1
z0043979,TRUE,FALSE,TRUE,FALSE,FALSE,TRUE,3,2,2
z0195645,TRUE,FALSE,FALSE,FALSE,TRUE,TRUE,3,1,1
z0195656,TRUE,FALSE,FALSE,FALSE,TRUE,TRUE,3,1,1